hanyu_pinyin,tongyong_pinyin,wade_giles,zhuyin,frequency_per_million,is_rare,neologism,dialectical,dialects,source,note
a,a,a,ㄚ,482.86,FALSE,,,,,
ai,ai,ai,ㄞ,949.28,FALSE,,,,,
an,an,an,ㄢ,2712.89,FALSE,,,,,
ang,ang,ang,ㄤ,23.8,FALSE,,,,,
ao,ao,ao,ㄠ,342.16,FALSE,,,,,
ba,ba,pa,ㄅㄚ,2359.58,FALSE,,,,,
bai,bai,pai,ㄅㄞ,1128.53,FALSE,,,,,
ban,ban,pan,ㄅㄢ,4279.48,FALSE,,,,,
bang,bang,pang,ㄅㄤ,621.24,FALSE,,,,,
bao,bao,pao,ㄅㄠ,4966.98,FALSE,,,,,
bei,bei,pei,ㄅㄟ,4395.94,FALSE,,,,,
ben,ben,pen,ㄅㄣ,3460.86,FALSE,,,,,
beng,beng,peng,ㄅㄥ,42.28,FALSE,,,,,
bi,bi,pi,ㄅㄧ,2816.03,FALSE,,,,,
bian,bian,pien,ㄅㄧㄢ,2338.11,FALSE,,,,,
biang,,,ㄅㄧㄤ,,TRUE,,TRUE,,https://en.wiktionary.org/w/index.php?title=%F0%B0%BB%9E&oldid=88042945#Chinese,
biao,biao,piao,ㄅㄧㄠ,3395.65,FALSE,,,,,
bie,bie,pieh,ㄅㄧㄝ,1120.76,FALSE,,,,,
bin,bin,pin,ㄅㄧㄣ,257.26,FALSE,,,,,
bing,bing,ping,ㄅㄧㄥ,2298.49,FALSE,,,,,
bo,bo,po,ㄅㄛ,1429.46,FALSE,,,,,
bu,bu,pu,ㄅㄨ,7293.31,FALSE,,,,,
ca,ca,tsʽa,ㄘㄚ,27.6,FALSE,,,,,
cai,cai,tsʽai,ㄘㄞ,2739.8,FALSE,,,,,
can,can,tsʽan,ㄘㄢ,1277.01,FALSE,,,,,
cang,cang,tsʽang,ㄘㄤ,185.14,FALSE,,,,,
cao,cao,tsʽao,ㄘㄠ,434.68,FALSE,,,,,
ce,ce,tsʽe,ㄘㄜ,1154.92,FALSE,,,,,
cei,,,,,TRUE,,TRUE,Beijing Mandarin,https://en.wiktionary.org/w/index.php?title=%F0%A4%AD%A2&oldid=85367856#Etymology_2,
cen,cen,tsʽen,ㄘㄣ,7.45,FALSE,,,,https://en.wiktionary.org/w/index.php?title=%E5%B2%91&oldid=87575677#Pronunciation,
ceng,ceng,tsʽeng,ㄘㄥ,311.68,FALSE,,,,,
cha,cha,chʽa,ㄔㄚ,1860.84,FALSE,,,,,
chai,chai,chʽai,ㄔㄞ,123.99,FALSE,,,,,
chan,chan,chʽan,ㄔㄢ,2169.1,FALSE,,,,,
chang,chang,chʽang,ㄔㄤ,4175.61,FALSE,,,,,
chao,chao,chʽao,ㄔㄠ,680.76,FALSE,,,,,
che,che,chʽe,ㄔㄜ,822.93,FALSE,,,,,
chen,chen,chʽen,ㄔㄣ,1030.23,FALSE,,,,,
cheng,cheng,chʽeng,ㄔㄥ,6408.07,FALSE,,,,,
chi,chih,chʽih,ㄔ,1182.59,FALSE,,,,,
chong,chong,chʽung,ㄔㄨㄥ,788.79,FALSE,,,,,
chou,chou,chʽou,ㄔㄡ,289.78,FALSE,,,,,
chu,chu,chʽu,ㄔㄨ,5551.19,FALSE,,,,,
chua,chua,,ㄔㄨㄚ,0,TRUE,,,,https://en.wiktionary.org/w/index.php?title=%E6%AC%BB&oldid=82731921#Etymology_2,
chuai,chuai,chʽuai,ㄔㄨㄞ,167.74,FALSE,,,,https://en.wiktionary.org/w/index.php?title=%E6%8F%A3&oldid=87581913#Etymology_1,
chuan,chuan,chʽuan,ㄔㄨㄢ,1238.04,FALSE,,,,,
chuang,chuang,chʽuang,ㄔㄨㄤ,723.79,FALSE,,,,,
chui,chuei,chʽui,ㄔㄨㄟ,110.52,FALSE,,,,,
chun,chun,chʽun,ㄔㄨㄣ,396.6,FALSE,,,,,
chuo,chuo,chʽo,ㄔㄨㄛ,28.75,FALSE,,,,,
ci,cih,tzʽu,ㄘ,2772.11,FALSE,,,,,
cong,cong,tsʽung,ㄘㄨㄥ,368.96,FALSE,,,,,
cou,cou,tsʽou,ㄘㄡ,8.62,FALSE,,,,,
cu,cu,tsʽu,ㄘㄨ,236.02,FALSE,,,,,
cuan,cuan,tsʽuan,ㄘㄨㄢ,13.64,FALSE,,,,,
cui,cuei,tsʽui,ㄘㄨㄟ,135.32,FALSE,,,,,
cun,cun,tsʽun,ㄘㄨㄣ,799.99,FALSE,,,,,
cuo,cuo,tsʽo,ㄘㄨㄛ,351.57,FALSE,,,,,
da,da,ta,ㄉㄚ,7342.06,FALSE,,,,,
dai,dai,tai,ㄉㄞ,2107.21,FALSE,,,,,
dan,dan,tan,ㄉㄢ,3169.23,FALSE,,,,,
dang,dang,tang,ㄉㄤ,2192.45,FALSE,,,,,
dao,dao,tao,ㄉㄠ,5512.63,FALSE,,,,,
de,de,te,ㄉㄜ,19931.43,FALSE,,,,,
dei,dei,,ㄉㄟ,4.23,FALSE,,,,https://en.wiktionary.org/w/index.php?title=%E5%BE%97&oldid=87638488#Pronunciation_3,
den,den,,ㄉㄣ,0,FALSE,,,,https://en.wiktionary.org/w/index.php?title=%E6%89%BD&oldid=88645870#Pronunciation,
deng,deng,teng,ㄉㄥ,2167.9,FALSE,,,,,
duang,,,ㄉㄨㄤ,,TRUE,TRUE,,,https://en.wikipedia.org/w/index.php?title=Duang&oldid=1325397538,
di,di,ti,ㄉㄧ,7096.16,FALSE,,,,,
dia,,,ㄉㄧㄚ,,FALSE,,TRUE,"Cantonese,Mandarin",https://en.wiktionary.org/w/index.php?title=%E5%97%B2&oldid=87255536#Chinese,
dian,dian,tien,ㄉㄧㄢ,6277.49,FALSE,,,,,
diang,diang,,ㄉㄧㄤ,0,TRUE,,,,https://en.wiktionary.org/w/index.php?title=%E5%99%B9&oldid=87591750#Chinese,
diao,diao,tiao,ㄉㄧㄠ,696.67,FALSE,,,,,
die,die,tieh,ㄉㄧㄝ,506.33,FALSE,,,,,
din,,,ㄉㄧㄣ,,TRUE,,,,https://en.wiktionary.org/w/index.php?title=%F0%A8%88%96&oldid=78678746#Chinese,
ding,ding,ting,ㄉㄧㄥ,2661.91,FALSE,,,,,
diu,diou,tiu,ㄉㄧㄡ,24.5,FALSE,,,,,
dong,dong,tung,ㄉㄨㄥ,4112.81,FALSE,,,,,
dou,dou,tou,ㄉㄡ,750.85,FALSE,,,,,
du,du,tu,ㄉㄨ,3013.75,FALSE,,,,,
duan,duan,tuan,ㄉㄨㄢ,1130.52,FALSE,,,,,
dui,duei,tui,ㄉㄨㄟ,2519.08,FALSE,,,,,
dun,dun,tun,ㄉㄨㄣ,376.55,FALSE,,,,,
duo,duo,to,ㄉㄨㄛ,1685.68,FALSE,,,,,
e,e,o,ㄜ,892.68,FALSE,,,,,
ê,,,ㄝ,,TRUE,,,,https://en.wiktionary.org/w/index.php?title=%E8%AA%92&oldid=87571763#Chinese,
ei,ei,,ㄟ,0,FALSE,,,,,
en,en,en,ㄣ,146.71,FALSE,,,,,
eng,eng,,ㄥ,33.7,TRUE,,,,https://en.wiktionary.org/w/index.php?title=%E9%9E%A5&oldid=87584004#Chinese,
er,er,erh,ㄦ,4966.24,FALSE,,,,,
fa,fa,fa,ㄈㄚ,5527.16,FALSE,,,,,
fai,,,ㄈㄞ,,TRUE,TRUE,,,https://en.wiktionary.org/w/index.php?title=WiFi&oldid=87417821#Chinese,
fan,fan,fan,ㄈㄢ,1901.17,FALSE,,,,,
fang,fang,fang,ㄈㄤ,3959.34,FALSE,,,,,
fei,fei,fei,ㄈㄟ,2354.39,FALSE,,,,,
fen,fen,fen,ㄈㄣ,3974.63,FALSE,,,,,
feng,fong,feng,ㄈㄥ,1580.03,FALSE,,,,,
fiao,,,ㄈㄧㄠ,,TRUE,,TRUE,"Wu,Mandarin",https://en.wiktionary.org/w/index.php?title=%F0%A7%9F%B0&oldid=78704170#Chinese,
fo,fo,fo,ㄈㄛ,222.21,FALSE,,,,,
fou,fou,fou,ㄈㄡ,376.75,FALSE,,,,,
fu,fu,fu,ㄈㄨ,7046.83,FALSE,,,,,
ga,ga,ka,ㄍㄚ,152.86,FALSE,,,,,
gai,gai,kai,ㄍㄞ,1520.29,FALSE,,,,,
gan,gan,kan,ㄍㄢ,1257.29,FALSE,,,,,
gang,gang,kang,ㄍㄤ,957.84,FALSE,,,,,
gao,gao,kao,ㄍㄠ,3541.46,FALSE,,,,,
ge,ge,ko,ㄍㄜ,3715.34,FALSE,,,,,
gei,gei,,ㄍㄟ,629.32,FALSE,,,,,
gen,gen,ken,ㄍㄣ,495.59,FALSE,,,,,
geng,geng,keng,ㄍㄥ,832.25,FALSE,,,,,
gong,gong,kung,ㄍㄨㄥ,11237.59,FALSE,,,,,
gou,gou,kou,ㄍㄡ,1685.21,FALSE,,,,,
gu,gu,ku,ㄍㄨ,3666.04,FALSE,,,,,
gua,gua,kua,ㄍㄨㄚ,311.62,FALSE,,,,,
guai,guai,kuai,ㄍㄨㄞ,181.87,FALSE,,,,,
guan,guan,kuan,ㄍㄨㄢ,6377.28,FALSE,,,,,
guang,guang,kuang,ㄍㄨㄤ,1899.77,FALSE,,,,,
ging,,,ㄍㄧㄥ,,TRUE,TRUE,TRUE,Taiwanese Mandarin,https://en.wiktionary.org/w/index.php?title=%E3%84%8D%E3%84%A7%E3%84%A5&oldid=78814714#Chinese,
gui,guei,kuei,ㄍㄨㄟ,2086.97,FALSE,,,,,
gun,gun,kun,ㄍㄨㄣ,69.37,FALSE,,,,,
guo,guo,kuo,ㄍㄨㄛ,10246.22,FALSE,,,,,
gin,,,ㄍㄧㄣ,,TRUE,TRUE,TRUE,Taiwanese Mandarin,https://en.wiktionary.org/w/index.php?title=%E3%84%8D%E3%84%A7%E3%84%A3&oldid=77791983#Chinese,
ha,ha,ha,ㄏㄚ,146.59,FALSE,,,,,
hai,hai,hai,ㄏㄞ,1919.42,FALSE,,,,,
han,han,han,ㄏㄢ,977.45,FALSE,,,,,
hang,hang,hang,ㄏㄤ,1470.42,FALSE,,,,,
hao,hao,hao,ㄏㄠ,3041.36,FALSE,,,,,
he,he,ho,ㄏㄜ,4211.02,FALSE,,,,,
hei,hei,hei,ㄏㄟ,210.42,FALSE,,,,,
hen,hen,hen,ㄏㄣ,656.63,FALSE,,,,,
heng,heng,heng,ㄏㄥ,235.07,FALSE,,,,,
hng,,,ㄏㄫ,,TRUE,,,,https://en.wiktionary.org/w/index.php?title=%E5%93%BC&oldid=87590307#Pronunciation_2,
hong,hong,hung,ㄏㄨㄥ,740.6,FALSE,,,,,
hou,hou,hou,ㄏㄡ,2339.8,FALSE,,,,,
hu,hu,hu,ㄏㄨ,3015.18,FALSE,,,,,
hua,hua,hua,ㄏㄨㄚ,6820.85,FALSE,,,,,
huai,huai,huai,ㄏㄨㄞ,266.45,FALSE,,,,,
huan,huan,huan,ㄏㄨㄢ,2098.06,FALSE,,,,,
huang,huang,huang,ㄏㄨㄤ,750.47,FALSE,,,,,
hui,huei,hui,ㄏㄨㄟ,10041.91,FALSE,,,,,
hun,hun,hun,ㄏㄨㄣ,319.5,FALSE,,,,,
huo,huo,huo,ㄏㄨㄛ,5396.5,FALSE,,,,,
ji,ji,chi,ㄐㄧ,22840.51,FALSE,,,,,
jia,jia,chia,ㄐㄧㄚ,6250.78,FALSE,,,,,
jian,jian,chien,ㄐㄧㄢ,9647.9,FALSE,,,,,
jiang,jiang,chiang,ㄐㄧㄤ,2561.36,FALSE,,,,,
jiao,jiao,chiao,ㄐㄧㄠ,6691.18,FALSE,,,,,
jie,jie,chieh,ㄐㄧㄝ,7783.01,FALSE,,,,,
jin,jin,chin,ㄐㄧㄣ,5874.93,FALSE,,,,,
jing,jing,ching,ㄐㄧㄥ,5604.26,FALSE,,,,,
jiong,jyong,chiung,ㄐㄩㄥ,29.36,TRUE,,,,https://en.wiktionary.org/w/index.php?title=%E7%AA%98&oldid=83516929#Pronunciation,
jiu,jiou,chiu,ㄐㄧㄡ,4910.11,FALSE,,,,,
ju,jyu,chü,ㄐㄩ,3807.36,FALSE,,,,,
juan,juan,chüan,ㄐㄩㄢ,435.92,FALSE,,,,,
jue,jue,chüeh,ㄐㄩㄝ,1334.81,FALSE,,,,,
jun,jun,chün,ㄐㄩㄣ,1047.28,FALSE,,,,,
ka,ka,kʽa,ㄎㄚ,690.72,FALSE,,,,,
kai,kai,kʽai,ㄎㄞ,1946.7,FALSE,,,,,
kan,kan,kʽan,ㄎㄢ,1857.01,FALSE,,,,,
kang,kang,kʽang,ㄎㄤ,605.73,FALSE,,,,,
kao,kao,kʽao,ㄎㄠ,953.87,FALSE,,,,,
kiu,,,,,TRUE,TRUE,,,https://en.wiktionary.org/w/index.php?title=Q&oldid=88726601#Etymology_1_2,
ke,ke,kʽo,ㄎㄜ,7515.69,FALSE,,,,,
kei,kei,,ㄎㄟ,0,TRUE,,,,https://en.wiktionary.org/w/index.php?title=%E5%89%8B&oldid=82700118#Pronunciation_2,
ken,ken,kʽen,ㄎㄣ,130.62,FALSE,,,,,
keng,keng,kʽeng,ㄎㄥ,41.03,FALSE,,,,,
kong,kong,kʽung,ㄎㄨㄥ,1198.23,FALSE,,,,,
kiang,,,ㄎㄧㄤ,,TRUE,TRUE,TRUE,Taiwanese Mandarin,https://en.wiktionary.org/w/index.php?title=%E3%84%8E%E3%84%A7%E3%84%A4&oldid=84668001#Chinese,
kou,kou,kʽou,ㄎㄡ,918.41,FALSE,,,,,
ku,ku,kʽu,ㄎㄨ,829.99,FALSE,,,,,
kua,kua,kʽua,ㄎㄨㄚ,110.55,FALSE,,,,,
kuai,kuai,kʽuai,ㄎㄨㄞ,1970.6,FALSE,,,,,
kuan,kuan,kʽuan,ㄎㄨㄢ,442.06,FALSE,,,,,
kuang,kuang,kʽuang,ㄎㄨㄤ,581.38,FALSE,,,,,
kui,kuei,kʽuei,ㄎㄨㄟ,197.1,FALSE,,,,,
kun,kun,kʽun,ㄎㄨㄣ,227.28,FALSE,,,,,
kuo,kuo,kʽuo,ㄎㄨㄛ,393.99,FALSE,,,,,
la,la,la,ㄌㄚ,580.62,FALSE,,,,,
lai,lai,lai,ㄌㄞ,2843.28,FALSE,,,,,
lan,lan,lan,ㄌㄢ,1470.52,FALSE,,,,,
lang,lang,lang,ㄌㄤ,452.23,FALSE,,,,,
lao,lao,lao,ㄌㄠ,1016.64,FALSE,,,,,
le,le,le,ㄌㄜ,2362.98,FALSE,,,,,
lei,lei,lei,ㄌㄟ,1757.7,FALSE,,,,,
len,,,ㄌㄣ,,TRUE,,TRUE,,https://en.wiktionary.org/w/index.php?title=%E5%95%89&oldid=86674537#Etymology_3,
leng,leng,leng,ㄌㄥ,220.93,FALSE,,,,,
li,li,li,ㄌㄧ,12120.99,FALSE,,,,,
lia,lia,,ㄌㄧㄚ,8.64,FALSE,,,,https://en.wiktionary.org/w/index.php?title=%E5%80%86&oldid=88196782#Etymology_1,
lian,lian,lien,ㄌㄧㄢ,2720.74,FALSE,,,,,
liang,liang,liang,ㄌㄧㄤ,2137.76,FALSE,,,,,
liao,liao,liao,ㄌㄧㄠ,3597.37,FALSE,,,,,
lie,lie,lieh,ㄌㄧㄝ,1044.75,FALSE,,,,,
lin,lin,lin,ㄌㄧㄣ,1659.12,FALSE,,,,,
ling,ling,ling,ㄌㄧㄥ,1745.34,FALSE,,,,,
liu,liou,liu,ㄌㄧㄡ,3551.5,FALSE,,,,,
lo,lo,,ㄌㄛ,0,FALSE,,TRUE,"Cantonese,Mandarin",https://en.wiktionary.org/w/index.php?title=%E5%92%AF&oldid=78611520#Etymology_2,
long,long,lung,ㄌㄨㄥ,1653.36,FALSE,,,,,
lou,lou,lou,ㄌㄡ,568.25,FALSE,,,,,
lu,lu,lu,ㄌㄨ,5525.32,FALSE,,,,,
lü,lyu,lü,ㄌㄩ,1622.03,FALSE,,,,,
luan,luan,luan,ㄌㄨㄢ,139.83,FALSE,,,,,
lüan,lyuan,,ㄌㄩㄢ,6.12,TRUE,,TRUE,Taiwanese Mandarin,https://en.wiktionary.org/w/index.php?title=%E5%AD%8C&oldid=88082402#Pronunciation,
lue,lyue,lüeh,ㄌㄩㄝ,218.73,FALSE,,,,,
lüe,,,ㄌㄩㄝ,,FALSE,,,,,
lun,lun,lun,ㄌㄨㄣ,2080.93,FALSE,,,,,
lün,lyuen,,ㄌㄩㄣ,0,TRUE,,TRUE,Beijing Mandarin,https://en.wiktionary.org/w/index.php?title=%E6%B7%8B&oldid=88642276#Pronunciation_1,
luo,luo,lo,ㄌㄨㄛ,1209.34,FALSE,,,,,
m,,,ㆬ,,TRUE,,TRUE,"Mandarin,Cantonese,Wu",https://en.wiktionary.org/w/index.php?title=%E5%98%B8&oldid=87591488#Etymology_2,
ma,ma,ma,ㄇㄚ,1800.07,FALSE,,,,,
mai,mai,mai,ㄇㄞ,906.69,FALSE,,,,,
man,man,man,ㄇㄢ,706,FALSE,,,,,
mang,mang,mang,ㄇㄤ,177.28,FALSE,,,,,
mao,mao,mao,ㄇㄠ,721.26,FALSE,,,,,
me,me,,ㄇㄜ,450.05,FALSE,,,,,
mei,mei,mei,ㄇㄟ,3653.49,FALSE,,,,,
men,men,men,ㄇㄣ,2436.75,FALSE,,,,,
meng,meng,meng,ㄇㄥ,505.19,FALSE,,,,,
mi,mi,mi,ㄇㄧ,1026.21,FALSE,,,,,
mian,mian,mien,ㄇㄧㄢ,2150.51,FALSE,,,,,
miao,miao,miao,ㄇㄧㄠ,504.89,FALSE,,,,,
mie,mie,mieh,ㄇㄧㄝ,77.09,FALSE,,,,,
min,min,min,ㄇㄧㄣ,2704.17,FALSE,,,,,
ming,ming,ming,ㄇㄧㄥ,4690.84,FALSE,,,,,
miu,miou,miu,ㄇㄧㄡ,5.78,FALSE,,,,https://en.wiktionary.org/w/index.php?title=%E8%AC%AC&oldid=88127656#Chinese,
mo,mo,mo,ㄇㄛ,1670.62,FALSE,,,,,
mou,mou,mou,ㄇㄡ,170.07,FALSE,,,,,
mu,mu,mu,ㄇㄨ,2726.79,FALSE,,,,,
na,na,na,ㄋㄚ,1031.01,FALSE,,,,,
nai,nai,nai,ㄋㄞ,289.32,FALSE,,,,,
nan,nan,nan,ㄋㄢ,2022.66,FALSE,,,,,
nang,nang,nang,ㄋㄤ,31.04,FALSE,,,,,
nao,nao,nao,ㄋㄠ,1192.7,FALSE,,,,,
ne,ne,,ㄋㄜ,206.71,FALSE,,,,,
nei,nei,nei,ㄋㄟ,2263.07,FALSE,,,,,
nen,nen,nen,ㄋㄣ,7.22,FALSE,,,,,
neng,neng,neng,ㄋㄥ,2011.65,FALSE,,,,,
ng,,,ㆭ,,FALSE,,,,,
ni,ni,ni,ㄋㄧ,2372.81,FALSE,,,,,
nia,nia,,ㄋㄧㄚ,0,TRUE,,TRUE,"Xiang,Mandarin",https://en.wiktionary.org/w/index.php?title=%E3%96%B8&oldid=78612176#Etymology_2,
nian,nian,nien,ㄋㄧㄢ,4482.49,FALSE,,,,,
niang,niang,niang,ㄋㄧㄤ,141.18,FALSE,,,,,
niao,niao,niao,ㄋㄧㄠ,238.99,FALSE,,,,,
nie,nie,nieh,ㄋㄧㄝ,86.98,FALSE,,,,,
nin,nin,nin,ㄋㄧㄣ,1256.88,FALSE,,,,,
ning,ning,ning,ㄋㄧㄥ,136.3,FALSE,,,,,
nui,,,ㄋㄨㄟ,,TRUE,,,,https://en.wiktionary.org/w/index.php?title=%E6%8D%BC&oldid=87581452#Etymology_2,
niu,niou,niu,ㄋㄧㄡ,272.59,FALSE,,,,,
nong,nong,nung,ㄋㄨㄥ,562.74,FALSE,,,,,
nou,nou,nou,ㄋㄡ,6.42,FALSE,,,,https://en.wiktionary.org/w/index.php?title=%E8%80%A8&oldid=87583950#Chinese,
nu,nu,nu,ㄋㄨ,141.73,FALSE,,,,,
nü,nyu,nü,ㄋㄩ,793.6,FALSE,,,,,
nuan,nuan,nuan,ㄋㄨㄢ,40.99,FALSE,,,,,
nue,nyue,nüeh,ㄋㄩㄝ,20.5,FALSE,,,,,
nüe,,,ㄋㄩㄝ,,FALSE,,,,,
nun,nun,,ㄋㄨㄣ,0,FALSE,,,,https://en.wiktionary.org/w/index.php?title=%E9%BB%81&oldid=87590365#Pronunciation,
nuo,nuo,no,ㄋㄨㄛ,134.33,FALSE,,,,,
o,o,,ㄛ,216.9,FALSE,,,,,
ou,ou,ou,ㄡ,1473.48,FALSE,,,,,
pa,pa,pʽa,ㄆㄚ,157.55,FALSE,,,,,
pai,pai,pʽai,ㄆㄞ,937.61,FALSE,,,,,
pan,pan,pʽan,ㄆㄢ,523.75,FALSE,,,,,
pang,pang,pʽang,ㄆㄤ,184.04,FALSE,,,,,
pao,pao,pʽao,ㄆㄠ,265.71,FALSE,,,,,
pei,pei,pʽei,ㄆㄟ,797.54,FALSE,,,,,
pen,pen,pʽen,ㄆㄣ,86.21,FALSE,,,,,
peng,peng,pʽeng,ㄆㄥ,571.63,FALSE,,,,,
pi,pi,pʽi,ㄆㄧ,1010.48,FALSE,,,,,
pia,,,ㄆㄧㄚ,,TRUE,,TRUE,,https://en.wiktionary.org/w/index.php?title=%E5%95%AA&oldid=87590731#Pronunciation_1,
pian,pian,pʽien,ㄆㄧㄢ,1283.21,FALSE,,,,,
piao,piao,pʽiao,ㄆㄧㄠ,603.04,FALSE,,,,,
pie,pie,pʽieh,ㄆㄧㄝ,4.73,FALSE,,,,,
pin,pin,pʽin,ㄆㄧㄣ,2416.41,FALSE,,,,,
ping,ping,pʽing,ㄆㄧㄥ,1471.73,FALSE,,,,,
po,po,pʽo,ㄆㄛ,668.69,FALSE,,,,,
pou,pou,pʽou,ㄆㄡ,29,FALSE,,,,https://en.wiktionary.org/w/index.php?title=%E5%89%96&oldid=87625661#Chinese,
pu,pu,pʽu,ㄆㄨ,580.68,FALSE,,,,,
qi,ci,chʽi,ㄑㄧ,9052.67,FALSE,,,,,
qia,cia,chʽia,ㄑㄧㄚ,111.88,FALSE,,,,,
qian,cian,chʽien,ㄑㄧㄢ,3968.92,FALSE,,,,,
qiang,ciang,chʽiang,ㄑㄧㄤ,822.62,FALSE,,,,,
qiao,ciao,chʽiao,ㄑㄧㄠ,556.52,FALSE,,,,,
qie,cie,chʽieh,ㄑㄧㄝ,781.45,FALSE,,,,,
qin,cin,chʽin,ㄑㄧㄣ,657.88,FALSE,,,,,
qing,cing,chʽing,ㄑㄧㄥ,5419.93,FALSE,,,,,
qiong,cyong,chʽiung,ㄑㄩㄥ,72.09,FALSE,,,,,
qiu,ciou,chʽiu,ㄑㄧㄡ,2610.67,FALSE,,,,,
qu,cyu,chʽü,ㄑㄩ,3137.85,FALSE,,,,,
quan,cyuan,chʽüan,ㄑㄩㄢ,4122.75,FALSE,,,,,
que,cyue,chʽüeh,ㄑㄩㄝ,868.15,FALSE,,,,,
qun,cyun,chʽün,ㄑㄩㄣ,313.24,FALSE,,,,,
ran,ran,jan,ㄖㄢ,1564.02,FALSE,,,,,
rang,rang,jang,ㄖㄤ,703.23,FALSE,,,,,
rao,rao,jao,ㄖㄠ,113.67,FALSE,,,,,
re,re,je,ㄖㄜ,700.18,FALSE,,,,,
ren,ren,jen,ㄖㄣ,7774.91,FALSE,,,,,
reng,reng,jeng,ㄖㄥ,264.94,FALSE,,,,,
ri,rih,jih,ㄖ,3361.89,FALSE,,,,,
rong,rong,jung,ㄖㄨㄥ,1909.16,FALSE,,,,,
rou,rou,jou,ㄖㄡ,220.59,FALSE,,,,,
ru,ru,ju,ㄖㄨ,3529.52,FALSE,,,,,
rua,,,ㄖㄨㄚ,,TRUE,,TRUE,Sichuanese,https://en.wiktionary.org/w/index.php?title=%E6%8C%BC&oldid=87614338#Chinese,
ruan,ruan,juan,ㄖㄨㄢ,1515.7,FALSE,,,,,
rui,ruei,jui,ㄖㄨㄟ,272.47,FALSE,,,,,
run,run,jun,ㄖㄨㄣ,38.96,FALSE,,,,,
ruo,ruo,jo,ㄖㄨㄛ,165.89,FALSE,,,,,
sa,sa,sa,ㄙㄚ,125.3,FALSE,,,,,
sai,sai,sai,ㄙㄞ,303.53,FALSE,,,,,
san,san,san,ㄙㄢ,2234.46,FALSE,,,,,
sang,sang,sang,ㄙㄤ,57.41,FALSE,,,,,
sao,sao,sao,ㄙㄠ,146.59,FALSE,,,,,
se,se,se,ㄙㄜ,873.3,FALSE,,,,,
sei,sei,,ㄙㄟ,0,TRUE,TRUE,TRUE,,"https://en.wiktionary.org/w/index.php?title=C&oldid=88486154#Chinese
https://en.wiktionary.org/w/index.php?title=%E5%A1%9E&oldid=88127496#Chinese",
sen,sen,sen,ㄙㄣ,148.64,FALSE,,,,,
seng,seng,seng,ㄙㄥ,24.99,FALSE,,,,,
sha,sha,sha,ㄕㄚ,435.67,FALSE,,,,,
shai,shai,shai,ㄕㄞ,32.98,FALSE,,,,,
shan,shan,shan,ㄕㄢ,2089.78,FALSE,,,,,
shang,shang,shang,ㄕㄤ,6808.37,FALSE,,,,,
shao,shao,shao,ㄕㄠ,1254.61,FALSE,,,,,
she,she,she,ㄕㄜ,4658.44,FALSE,,,,,
shei,shei,,ㄕㄟ,106.86,FALSE,,,,,
shen,shen,shen,ㄕㄣ,2762.59,FALSE,,,,,
sheng,sheng,sheng,ㄕㄥ,5445.43,FALSE,,,,,
shi,shih,shih,ㄕ,31869.21,FALSE,,,,,
shong,shong,,ㄕㄨㄥ,0,TRUE,,,,,
shou,shou,shou,ㄕㄡ,5053.88,FALSE,,,,,
shu,shu,shu,ㄕㄨ,7393.01,FALSE,,,,,
shua,shua,shua,ㄕㄨㄚ,128.83,FALSE,,,,,
shuai,shuai,shuai,ㄕㄨㄞ,76.54,FALSE,,,,,
shuan,shuan,shuan,ㄕㄨㄢ,11.59,FALSE,,,,,
shuang,shuang,shuang,ㄕㄨㄤ,358.1,FALSE,,,,,
shui,shuei,shui,ㄕㄨㄟ,1816.21,FALSE,,,,,
shun,shun,shun,ㄕㄨㄣ,241.96,FALSE,,,,,
shuo,shuo,shuo,ㄕㄨㄛ,842.13,FALSE,,,,,
si,sih,ssu,ㄙ,5828.46,FALSE,,,,,
song,song,sung,ㄙㄨㄥ,740.32,FALSE,,,,,
sou,sou,sou,ㄙㄡ,382.38,FALSE,,,,,
su,su,su,ㄙㄨ,1587.62,FALSE,,,,,
suan,suan,suan,ㄙㄨㄢ,664.4,FALSE,,,,,
sui,suei,sui,ㄙㄨㄟ,910.38,FALSE,,,,,
sun,sun,sun,ㄙㄨㄣ,296.57,FALSE,,,,,
suo,suo,so,ㄙㄨㄛ,3874.02,FALSE,,,,,
ta,ta,tʽa,ㄊㄚ,2797.14,FALSE,,,,,
tai,tai,tʽai,ㄊㄞ,7028.25,FALSE,,,,,
tan,tan,tʽan,ㄊㄢ,1067.44,FALSE,,,,,
tang,tang,tʽang,ㄊㄤ,499.22,FALSE,,,,,
tao,tao,tʽao,ㄊㄠ,1967.71,FALSE,,,,,
te,te,tʽe,ㄊㄜ,1169.92,FALSE,,,,,
tei,,,ㄊㄟ,,TRUE,,TRUE,Mandarin,https://en.wiktionary.org/w/index.php?title=%E5%BF%92&oldid=88179106#Etymology_2,
teng,teng,tʽeng,ㄊㄥ,233.24,FALSE,,,,,
ti,ti,tʽi,ㄊㄧ,7103.74,FALSE,,,,,
tian,tian,tʽien,ㄊㄧㄢ,2922.65,FALSE,,,,,
tiao,tiao,tʽiao,ㄊㄧㄠ,1053.71,FALSE,,,,,
tie,tie,tʽoeh,ㄊㄧㄝ,640.97,FALSE,,,,,
ting,ting,tʽing,ㄊㄧㄥ,1278.49,FALSE,,,,,
tong,tong,tʽung,ㄊㄨㄥ,6377.97,FALSE,,,,,
tou,tou,tʽou,ㄊㄡ,1769.16,FALSE,,,,,
tu,tu,tʽu,ㄊㄨ,2459.09,FALSE,,,,,
tuan,tuan,tʽuan,ㄊㄨㄢ,852.74,FALSE,,,,,
tui,tuei,tʽui,ㄊㄨㄟ,956.46,FALSE,,,,,
tun,tun,tʽun,ㄊㄨㄣ,96.94,FALSE,,,,,
tuo,tuo,tʽo,ㄊㄨㄛ,528.91,FALSE,,,,,
wa,wa,wa,ㄨㄚ,200.72,FALSE,,,,,
wai,wai,wai,ㄨㄞ,1618.26,FALSE,,,,,
wan,wan,wan,ㄨㄢ,4202.58,FALSE,,,,,
wang,wang,wang,ㄨㄤ,6413.38,FALSE,,,,,
wei,wei,wei,ㄨㄟ,10174.16,FALSE,,,,,
wen,wun,wen,ㄨㄣ,7884.69,FALSE,,,,,
weng,wong,weng,ㄨㄥ,49.99,FALSE,,,,,
wo,wo,wo,ㄨㄛ,3802.92,FALSE,,,,,
wu,wu,wu,ㄨ,9481.71,FALSE,,,,,
xi,si,hsi,ㄒㄧ,7551,FALSE,,,,,
xia,sia,hsia,ㄒㄧㄚ,3249.39,FALSE,,,,,
xian,sian,hsien,ㄒㄧㄢ,9178.13,FALSE,,,,,
xiang,siang,hsiang,ㄒㄧㄤ,7739.87,FALSE,,,,,
xiao,siao,hsiao,ㄒㄧㄠ,6285.61,FALSE,,,,,
xie,sie,hsieh,ㄒㄧㄝ,3168.93,FALSE,,,,,
xin,sin,hsin,ㄒㄧㄣ,9231.31,FALSE,,,,,
xing,sing,hsing,ㄒㄧㄥ,8654.1,FALSE,,,,,
xiong,syong,hsiung,ㄒㄩㄥ,1076.11,FALSE,,,,,
xiu,siou,hsiu,ㄒㄧㄡ,1349.9,FALSE,,,,,
xu,syu,hsü,ㄒㄩ,2832.48,FALSE,,,,,
xuan,syuan,hsüan,ㄒㄩㄢ,2136.9,FALSE,,,,,
xue,syue,hsüeh,ㄒㄩㄝ,7620.38,FALSE,,,,,
xun,syun,hsün,ㄒㄩㄣ,5596.95,FALSE,,,,,
ya,ya,ya,ㄧㄚ,1408.81,FALSE,,,,,
yai,yai,yai,ㄧㄞ,8.38,TRUE,,TRUE,Taiwan Mandarin,https://en.wiktionary.org/w/index.php?title=%E5%8E%93&oldid=84657400#Glyph_origin,
yan,yan,yen,ㄧㄢ,6534.97,FALSE,,,,,
yang,yang,yang,ㄧㄤ,3466.52,FALSE,,,,,
yao,yao,yao,ㄧㄠ,3754.93,FALSE,,,,,
ye,ye,yeh,ㄧㄝ,9863.82,FALSE,,,,,
yi,yi,i,ㄧ,19322.27,FALSE,,,,,
yin,yin,yin,ㄧㄣ,4376.57,FALSE,,,,,
ying,ying,ying,ㄧㄥ,6135.64,FALSE,,,,,
yo,yo,yo,ㄧㄛ,23.37,FALSE,,,,,
yong,yong,yung,ㄩㄥ,4750.43,FALSE,,,,,
you,you,yu,ㄧㄡ,11351.44,FALSE,,,,,
yu,yu,yü,ㄩ,10639.33,FALSE,,,,,
yuan,yuan,yüan,ㄩㄢ,11428.22,FALSE,,,,,
yue,yue,yüeh,ㄩㄝ,4434.27,FALSE,,,,,
yun,yun,yün,ㄩㄣ,1417.61,FALSE,,,,,
za,za,tsa,ㄗㄚ,337.07,FALSE,,,,,
zai,zai,tsai,ㄗㄞ,6088.03,FALSE,,,,,
zan,zan,tsan,ㄗㄢ,101.42,FALSE,,,,,
zang,zang,tsang,ㄗㄤ,175.5,FALSE,,,,,
zao,zao,tsao,ㄗㄠ,1293.46,FALSE,,,,,
ze,ze,tse,ㄗㄜ,1840.57,FALSE,,,,,
zei,zei,tsei,ㄗㄟ,5.77,FALSE,,,,,
zen,zen,tsen,ㄗㄣ,44.26,FALSE,,,,https://en.wiktionary.org/w/index.php?title=%E6%80%8E&oldid=88354558#Chinese,
zeng,zeng,tseng,ㄗㄥ,906.59,FALSE,,,,,
zha,jha,cha,ㄓㄚ,282.6,FALSE,,,,,
zhai,jhai,chai,ㄓㄞ,411.82,FALSE,,,,,
zhan,jhan,chan,ㄓㄢ,3653.67,FALSE,,,,,
zhang,jhang,chang,ㄓㄤ,4636.13,FALSE,,,,,
zhao,jhao,chao,ㄓㄠ,1772.56,FALSE,,,,,
zhe,jhe,che,ㄓㄜ,4856.04,FALSE,,,,,
zhei,jhei,,ㄓㄟ,0,FALSE,,,,https://en.wiktionary.org/w/index.php?title=%E9%80%99&oldid=88061941#Etymology_1,
zhen,jhen,chen,ㄓㄣ,2513.34,FALSE,,,,,
zheng,jheng,cheng,ㄓㄥ,6225.17,FALSE,,,,,
zhi,jhih,chih,ㄓ,17309.38,FALSE,,,,,
zhong,jhong,chung,ㄓㄨㄥ,10480.33,FALSE,,,,,
zhou,jhou,chou,ㄓㄡ,1219.69,FALSE,,,,,
zhu,jhu,chu,ㄓㄨ,6151.61,FALSE,,,,,
zhua,jhua,chua,ㄓㄨㄚ,47.55,FALSE,,,,,
zhuai,jhuai,chuai,ㄓㄨㄞ,0.46,FALSE,,,,https://en.wiktionary.org/w/index.php?title=%E6%8B%BD&oldid=87580985#Pronunciation_2,
zhuan,jhuan,chuan,ㄓㄨㄢ,2448.44,FALSE,,,,,
zhuang,jhuang,chuang,ㄓㄨㄤ,1171.97,FALSE,,,,,
zhui,jhuei,chui,ㄓㄨㄟ,194.58,FALSE,,,,,
zhun,jhun,chun,ㄓㄨㄣ,554.77,FALSE,,,,,
zhuo,jhuo,cho,ㄓㄨㄛ,264.24,FALSE,,,,,
zi,zih,tzu,ㄗ,11943.13,FALSE,,,,,
zong,zong,tsung,ㄗㄨㄥ,2276.89,FALSE,,,,,
zou,zou,tsou,ㄗㄡ,460.54,FALSE,,,,,
zu,zu,tsu,ㄗㄨ,1892.33,FALSE,,,,,
zuan,zuan,tsuan,ㄗㄨㄢ,59.41,FALSE,,,,,
pun,,,ㄆㄨㄣ,,TRUE,TRUE,TRUE,Taiwanese Mandarin,https://en.wiktionary.org/w/index.php?title=%E3%84%86%E3%84%A8%E3%84%A3&oldid=88075266#Chinese,
zui,zuei,tsui,ㄗㄨㄟ,1755.94,FALSE,,,,,
ong,,,,,TRUE,,,,https://en.wiktionary.org/w/index.php?title=%E5%94%B5&oldid=84918946#Etymology_2,
zun,zun,tsun,ㄗㄨㄣ,140.61,FALSE,,,,,
zuo,zuo,tso,ㄗㄨㄛ,4121.27,FALSE,,,,,