category,food_id,id,name,WATER,FORAC,ACEAC,GLYCLAC,LACAC,GLUCAC,OXALAC,MOLAC,SUCAC,FUMAC,MALAC,TARAC,GLUAKAC,CITAC,SALAC,PCHOUAC,CAFFAC,FERAC,CHLRAC,QUINAC,OROTAC,PYROGAC,PROPAC,OA,
01,01024,0025,こむぎ　［小麦粉］　プレミックス粉　ホットケーキ用,11.1,-,-,-,-,-,-,-,-,-,-,-,-,(Tr),-,-,-,-,-,-,-,-,-,(Tr),原材料配合割合から推計
01,01028,0037,こむぎ　［パン類］　コッペパン,37.0,-,-,-,-,-,-,-,-,-,-,-,-,(Tr),-,-,-,-,-,-,-,-,-,(Tr),原材料配合割合から推計
01,01030,0038,こむぎ　［パン類］　乾パン,5.5,-,-,-,-,-,-,-,-,-,-,-,-,(Tr),-,-,-,-,-,-,-,-,-,(Tr),原材料配合割合から推計
02,02068,0206,＜いも類＞　アメリカほどいも　塊根　生,56.5,-,-,0,-,-,0.1,-,0,-,0,-,-,0.3,-,-,-,-,-,-,-,-,-,0.4,
02,02069,0207,＜いも類＞　アメリカほどいも　塊根　ゆで,57.1,-,-,-,-,-,0.1,-,-,-,-,-,-,0.3,-,-,-,-,-,-,-,-,-,0.4,
02,02001,0208,＜いも類＞　きくいも　塊茎　生,81.7,-,-,-,-,-,-,-,-,-,(0.5),-,-,(0.1),-,-,-,-,-,-,-,-,-,(0.5),豪州成分表から推計
02,02041,0209,＜いも類＞　きくいも　塊茎　水煮,85.4,-,-,-,-,-,-,-,-,-,(0.3),-,-,(0.1),-,-,-,-,-,-,-,-,-,(0.4),豪州成分表から推計
02,02045,0217,＜いも類＞　（さつまいも類）　さつまいも　塊根　皮つき　生,64.6,-,-,-,-,-,0.1,-,0,-,0.2,-,-,Tr,-,-,-,-,-,0.1,-,-,-,0.4,
02,02046,0218,＜いも類＞　（さつまいも類）　さつまいも　塊根　皮つき　蒸し,64.2,-,-,-,-,-,0.1,-,0,-,0.2,-,-,Tr,-,-,-,-,-,0.1,-,-,-,0.5,
02,02047,0219,＜いも類＞　（さつまいも類）　さつまいも　塊根　皮つき　天ぷら,52.4,-,-,-,-,-,0.1,-,0,-,0.2,-,-,Tr,-,-,-,-,-,0.1,-,-,-,0.5,
02,02006,0220,＜いも類＞　（さつまいも類）　さつまいも　塊根　皮なし　生,65.6,-,-,-,-,-,0.1,-,0,-,0.2,-,-,Tr,-,-,-,-,-,0.1,-,-,-,0.4,
02,02008,0222,＜いも類＞　（さつまいも類）　さつまいも　塊根　皮なし　焼き,58.1,-,-,-,-,-,0.1,-,0,-,0.2,-,-,0.1,-,-,-,-,-,0.1,-,-,-,0.4,
02,02009,0223,＜いも類＞　（さつまいも類）　さつまいも　蒸し切干,22.2,-,-,-,-,-,0.1,-,0,-,0.3,-,-,0.1,-,-,-,-,-,0.2,-,-,-,0.7,
02,02048,0224,＜いも類＞　（さつまいも類）　むらさきいも　塊根　皮なし　生,66.0,-,-,-,-,-,0.1,-,0,-,0.2,-,-,Tr,-,-,-,-,-,0.1,-,-,-,0.4,
02,02049,0225,＜いも類＞　（さつまいも類）　むらさきいも　塊根　皮なし　蒸し,66.2,-,-,-,-,-,0.1,-,0,-,0.2,-,-,0.1,-,-,-,-,-,0.2,-,-,-,0.5,
02,02010,0226,＜いも類＞　（さといも類）　さといも　球茎　生,84.1,-,-,-,-,-,0.1,-,-,-,0.5,-,-,Tr,-,-,-,-,-,-,-,-,-,0.6,
02,02012,0228,＜いも類＞　（さといも類）　さといも　球茎　冷凍,80.9,-,-,-,-,-,Tr,-,0,-,0.2,-,-,0.2,-,-,-,-,-,0,-,-,-,0.4,
02,02050,0229,＜いも類＞　（さといも類）　セレベス　球茎　生,76.4,-,-,-,-,-,0.1,-,-,-,0.3,-,-,0.4,-,-,-,-,-,-,-,-,-,0.8,
02,02051,0230,＜いも類＞　（さといも類）　セレベス　球茎　水煮,77.5,-,-,0,-,-,0.1,-,-,-,0.2,-,-,0.3,-,-,-,-,-,-,-,-,-,0.6,
02,02052,0231,＜いも類＞　（さといも類）　たけのこいも　球茎　生,73.4,-,-,0,-,-,0.1,-,-,-,0.3,-,-,0.2,-,-,-,-,-,-,-,-,-,0.6,
02,02053,0232,＜いも類＞　（さといも類）　たけのこいも　球茎　水煮,75.4,-,-,0,-,-,0.1,-,-,-,0.2,-,-,0.2,-,-,-,-,-,-,-,-,-,0.5,
02,02013,0233,＜いも類＞　（さといも類）　みずいも　球茎　生,70.5,-,-,-,-,-,0.1,-,0,-,0.2,-,-,0.1,-,-,-,-,-,-,-,-,-,0.5,
02,02014,0234,＜いも類＞　（さといも類）　みずいも　球茎　水煮,72.0,-,-,-,-,-,0.1,-,0,-,0.2,-,-,0.1,-,-,-,-,-,-,-,-,-,0.4,
02,02063,0237,＜いも類＞　じゃがいも　塊茎　皮つき　生,81.1,-,-,-,-,-,Tr,-,0,-,0.1,-,-,0.3,-,-,-,-,-,0,-,-,-,0.5,
02,02064,0238,＜いも類＞　じゃがいも　塊茎　皮つき　電子レンジ調理,77.6,-,-,-,-,-,Tr,-,0,-,0.1,-,-,0.4,-,-,-,-,-,0,-,-,-,0.5,
02,02065,0239,＜いも類＞　じゃがいも　塊茎　皮つき　フライドポテト　（生を揚げたもの）,65.2,-,-,-,-,-,Tr,-,0,-,0.2,-,-,0.4,-,-,-,-,-,Tr,-,-,-,0.7,
02,02017,0240,＜いも類＞　じゃがいも　塊茎　皮なし　生,79.8,-,-,-,-,0,Tr,-,0,0,0.1,-,-,0.3,-,-,-,-,-,0,-,-,-,0.5,
02,02019,0241,＜いも類＞　じゃがいも　塊茎　皮なし　水煮,80.6,-,-,-,-,-,Tr,-,0,-,0.1,-,-,0.3,-,-,-,-,-,0,-,-,-,0.4,
02,02018,0242,＜いも類＞　じゃがいも　塊茎　皮なし　蒸し,78.8,-,-,-,-,0,Tr,-,0,0,0.1,-,-,0.4,-,-,-,-,-,0,-,-,-,0.5,
02,02066,0243,＜いも類＞　じゃがいも　塊茎　皮なし　電子レンジ調理,78.0,-,-,-,-,-,Tr,-,0,-,0.1,-,-,0.4,-,-,-,-,-,0,-,-,-,0.5,
02,02067,0244,＜いも類＞　じゃがいも　塊茎　皮なし　フライドポテト　（生を揚げたもの）,64.2,-,-,-,-,-,Tr,-,0,-,0.2,-,-,0.4,-,-,-,-,-,0,-,-,-,0.6,
02,02021,0246,＜いも類＞　じゃがいも　乾燥マッシュポテト,7.5,-,-,-,-,0,0.1,-,0,0,0.3,-,-,1.1,-,-,-,-,-,Tr,-,-,-,1.5,
02,02022,0249,＜いも類＞　（やまのいも類）　ながいも　いちょういも　塊根　生,71.1,-,-,-,-,-,Tr,-,0,-,0.1,-,-,0.5,-,-,-,-,-,-,-,-,-,0.7,
02,02026,0253,＜いも類＞　（やまのいも類）　じねんじょ　塊根　生,68.8,-,-,-,-,-,Tr,-,0,-,0.1,-,-,0.3,-,-,-,-,-,-,-,-,-,0.4,
02,02027,0254,＜いも類＞　（やまのいも類）　だいじょ　塊根　生,71.2,-,-,-,-,-,0,-,0,-,0.2,-,-,0.4,-,-,-,-,-,-,-,-,-,0.5,
02,02070,0255,＜でん粉・でん粉製品＞　（でん粉類）　おおうばゆりでん粉,16.2,-,-,0,-,-,0,-,0,-,0,-,-,0,-,-,-,-,-,-,-,-,-,0,
03,03031,0291,（でん粉糖類）　還元麦芽糖,0,-,-,0,-,-,0,-,-,-,0,-,-,0,-,-,-,-,-,-,-,-,-,0,
03,03032,0292,（でん粉糖類）　還元水あめ,30.1,-,-,0,-,-,0,-,-,-,0,-,-,0,-,-,-,-,-,-,-,-,-,0,
03,03022,0304,（その他）　はちみつ,17.6,-,-,-,-,0.3,-,-,-,-,Tr,-,0,0,-,-,-,-,-,-,-,-,-,0.3,
03,03033,0304-1,（その他）　はちみつ　国産品　,18.1,-,-,-,-,0.3,-,-,-,-,0,-,-,-,-,-,-,-,-,-,-,-,-,0.3,
04,04001,0306,あずき　全粒　乾,14.2,-,-,-,-,-,Tr,-,-,-,0.1,-,-,1.1,-,-,-,-,-,-,-,-,-,1.2,
04,04002,0307,あずき　全粒　ゆで,63.9,-,-,-,-,-,0,-,-,-,Tr,-,-,0.3,-,-,-,-,-,-,-,-,-,0.3,
04,04111,0313-1,あずき　あん　つぶし生あん,65.8,-,-,-,-,-,Tr,-,0,-,0,-,-,0.1,-,-,-,-,-,0,-,-,-,0.1,
04,04112,0326-1,えんどう　うぐいすあん,38.5,-,-,-,-,-,0,-,-,-,0,-,-,Tr,-,-,-,-,-,-,-,-,-,Tr,
04,04104,0334,だいず　［全粒・全粒製品］　全粒　青大豆　国産　乾,12.5,-,-,0,-,-,Tr,-,-,-,0.1,-,-,1.5,-,-,-,-,-,-,-,-,-,1.6,
04,04105,0335,だいず　［全粒・全粒製品］　全粒　青大豆　国産　ゆで,65.5,-,-,-,-,-,Tr,-,-,-,Tr,-,-,0.3,-,-,-,-,-,-,-,-,-,0.3,"
"
04,04023,0336,だいず　［全粒・全粒製品］　全粒　黄大豆　国産　乾,12.4,-,-,-,-,-,0.1,-,-,-,0.1,-,-,1.5,-,-,-,-,-,-,-,-,-,1.7,
04,04024,0337,だいず　［全粒・全粒製品］　全粒　黄大豆　国産　ゆで,65.4,-,-,-,-,-,Tr,-,-,-,Tr,-,-,0.3,-,-,-,-,-,-,-,-,-,0.4,
04,04077,0341,だいず　［全粒・全粒製品］　全粒　黒大豆　国産　乾,12.7,-,-,0,-,-,0.1,-,-,-,0.1,-,-,1.5,-,-,-,-,-,-,-,-,-,1.6,
04,04106,0342,だいず　［全粒・全粒製品］　全粒　黒大豆　国産　ゆで,65.1,-,-,-,-,-,Tr,-,-,-,Tr,-,-,0.3,-,-,-,-,-,-,-,-,-,0.3,
04,04080,0343,だいず　［全粒・全粒製品］　いり大豆　青大豆,2.7,-,-,0,-,-,0.1,-,0,-,0.1,-,-,1.7,-,-,-,-,-,-,-,-,-,1.8,
04,04078,0344,だいず　［全粒・全粒製品］　いり大豆　黄大豆,2.5,-,-,0,-,-,0.1,-,0,-,0.1,-,-,1.6,-,-,-,-,-,-,-,-,-,1.8,
04,04079,0345,だいず　［全粒・全粒製品］　いり大豆　黒大豆,2.4,-,-,0,-,-,0.1,-,0,-,0.1,-,-,1.5,-,-,-,-,-,-,-,-,-,1.6,
04,04082,0348,だいず　［全粒・全粒製品］　きな粉　青大豆　全粒大豆,5.9,-,-,0,-,-,0.1,-,0,-,0.1,-,-,1.6,-,-,-,-,-,-,-,-,-,1.8,
04,04096,0349,だいず　［全粒・全粒製品］　きな粉　青大豆　脱皮大豆,5.2,-,-,-,-,-,0.1,-,-,-,0.2,-,-,1.6,-,-,-,-,-,-,-,-,-,1.9,別名：青大豆きな粉、うぐいす色きな粉あるいはうぐいすきな粉
04,04032,0356,だいず　［豆腐・油揚げ類］　木綿豆腐,85.9,-,-,-,-,0,0,-,-,-,0,-,-,0.2,-,-,-,-,-,-,-,-,-,0.2,
04,04097,0357,だいず　［豆腐・油揚げ類］　木綿豆腐　（凝固剤：塩化マグネシウム）,85.9,-,-,-,-,(0),(0),-,-,-,(0),-,-,(0.2),-,-,-,-,-,-,-,-,-,(0.2),04032木綿豆腐（凝固剤の種類を問わないもの）から推計
04,04098,0358,だいず　［豆腐・油揚げ類］　木綿豆腐　（凝固剤：硫酸カルシウム）,85.9,-,-,-,-,(0),(0),-,-,-,(0),-,-,(0.2),-,-,-,-,-,-,-,-,-,(0.2),04032木綿豆腐（凝固剤の種類を問わないもの）から推計
04,04033,0359,だいず　［豆腐・油揚げ類］　絹ごし豆腐,88.5,-,-,-,-,Tr,0,-,-,-,0,-,-,0.2,-,-,-,-,-,-,-,-,-,0.2,
04,04099,0360,だいず　［豆腐・油揚げ類］　絹ごし豆腐　（凝固剤：塩化マグネシウム）,88.5,-,-,-,-,(Tr),(0),-,-,-,(0),-,-,(0.2),-,-,-,-,-,-,-,-,-,(0.2),04033絹ごし豆腐（凝固剤の種類を問わないもの）から推計
04,04100,0361,だいず　［豆腐・油揚げ類］　絹ごし豆腐　（凝固剤：硫酸カルシウム）,88.5,-,-,-,-,(Tr),(0),-,-,-,(0),-,-,(0.2),-,-,-,-,-,-,-,-,-,(0.2),04033絹ごし豆腐（凝固剤の種類を問わないもの）から推計
04,04113,0367-1,だいず　［豆腐・油揚げ類］　絹生揚げ,80.5,-,-,-,-,0,0,-,-,-,Tr,-,-,0.3,-,-,-,-,-,-,-,-,-,0.3,
04,04095,0372,だいず　［豆腐・油揚げ類］　油揚げ　甘煮,54.9,-,-,0,-,-,0,-,0,-,0,-,-,0.1,-,-,-,-,-,-,-,-,-,0.1,
04,04114,0382-1,だいず　［納豆類］　塩納豆,64.0,0,0.1,-,Tr,-,Tr,-,0,-,0,-,-,Tr,-,-,-,-,-,-,-,-,0,0.2,
04,04115,0383-1,だいず　［納豆類］　干し納豆,12.0,0,0.2,-,0.2,-,0.1,-,Tr,-,Tr,-,-,0.6,-,-,-,-,-,-,-,-,0,1.2,
04,04052,0386,だいず　［その他］　豆乳　豆乳,90.8,-,-,-,-,-,0,-,-,-,Tr,-,-,0.2,-,-,-,-,-,-,-,-,-,0.2,
04,04053,0387,だいず　［その他］　豆乳　調製豆乳,87.9,-,-,-,-,-,0,-,-,-,0,-,-,0.2,-,-,-,-,-,-,-,-,-,0.2,
04,04054,0388,だいず　［その他］　豆乳　豆乳飲料・麦芽コーヒー,87.4,-,-,-,-,-,0,-,-,-,0,-,-,0.2,-,-,-,-,-,-,-,-,-,0.2,
05,05046,0438,チアシード　乾,6.5,-,-,-,-,-,0.7,-,-,-,Tr,-,-,0.1,-,-,-,-,-,-,-,-,-,0.8,
05,05047,0444,（ひし類）　とうびし　生,64.3,-,-,0,-,-,0,-,-,-,0.2,-,-,0.2,-,-,-,-,-,-,-,-,-,0.4,
05,05048,0445,（ひし類）　とうびし　ゆで,65.5,-,-,-,-,-,0,-,-,-,0.2,-,-,0.2,-,-,-,-,-,-,-,-,-,0.4,
05,05027,0447,ひまわり　フライ　味付け,2.6,-,-,-,-,-,Tr,-,-,-,0.1,-,-,Tr,-,-,-,-,-,-,-,-,-,0.2,
05,05034,0456,らっかせい　大粒種　乾,6.0,-,-,-,-,-,0.1,-,-,-,0.1,-,-,0.2,-,-,-,-,-,-,-,-,-,0.3,
05,05035,0457,らっかせい　大粒種　いり,1.7,-,-,-,-,-,0.1,-,-,-,0.1,-,-,0.2,-,-,-,-,-,-,-,-,-,0.4,
05,05036,0460,らっかせい　バターピーナッツ,2.4,-,-,-,-,-,0.1,-,-,-,0.1,-,-,0.2,-,-,-,-,-,-,-,-,-,0.3,
05,05037,0461,らっかせい　ピーナッツバター,1.2,-,-,-,-,-,0.1,-,-,-,Tr,-,-,0.1,-,-,-,-,-,-,-,-,-,0.3,
06,06402,0463-1,アイスプラント　生,96.2,-,-,-,-,-,0.3,-,-,-,0.1,-,-,0.1,-,-,-,-,-,-,-,-,-,0.5,
06,06007,0468,アスパラガス　若茎　生,92.6,-,-,-,-,-,0,-,0,-,0.2,-,-,0.1,-,-,-,-,-,0,-,-,-,0.2,
06,06010,0473,いんげんまめ　さやいんげん　若ざや　生,92.2,-,-,-,-,-,Tr,-,0,0,0.2,-,0,0,-,-,-,-,-,0,-,-,-,0.3,
06,06011,0474,いんげんまめ　さやいんげん　若ざや　ゆで,91.7,-,-,-,-,-,(Tr),-,(0),(0),(0.2),-,-,-,-,-,-,-,-,-,-,-,-,(0.3),06010さやいんげん生から推計
06,06023,0490,（えんどう類）　グリンピース　生,76.5,-,-,0,-,-,0,-,Tr,0,0.1,-,Tr,0.1,-,-,-,-,-,-,-,-,-,0.2,
06,06024,0491,（えんどう類）　グリンピース　ゆで,72.2,-,-,-,-,-,-,-,(Tr),(0),(0.1),-,(Tr),(0.1),-,-,-,-,-,-,-,-,-,(0.2),06023グリンピース生から推計
06,06025,0492,（えんどう類）　グリンピース　冷凍,75.7,-,-,-,-,-,-,-,Tr,-,0.1,-,0,0.1,-,-,-,-,-,-,-,-,-,0.2,
06,06374,0493,（えんどう類）　グリンピース　冷凍　ゆで,74.6,-,-,-,-,-,-,-,0,-,Tr,-,0,0.1,-,-,-,-,-,-,-,-,-,0.2,
06,06375,0494,（えんどう類）　グリンピース　冷凍　油いため,70.1,-,-,-,-,-,-,-,Tr,-,0.1,-,0,0.1,-,-,-,-,-,-,-,-,-,0.2,
06,06026,0495,（えんどう類）　グリンピース　水煮缶詰,74.9,-,-,-,-,-,-,-,(Tr),-,(0.1),-,-,(0.1),-,-,-,-,-,-,-,-,-,(0.2),06025グリンピース冷凍から推計
06,06032,0501,オクラ　果実　生,90.2,-,-,-,-,-,0.1,-,-,-,-,-,-,-,-,-,-,-,-,-,-,-,-,0.1,
06,06033,0502,オクラ　果実　ゆで,89.4,-,-,-,-,-,(0.1),-,-,-,-,-,-,-,-,-,-,-,-,-,-,-,-,(0.1),06032オクラ生から推計
06,06036,0505,かぶ　根　皮つき　生,93.9,-,-,-,-,-,-,-,-,-,0.1,-,-,0,-,-,-,-,-,-,-,-,-,0.1,
06,06037,0506,かぶ　根　皮つき　ゆで,93.8,-,-,-,-,-,-,-,-,-,(0.1),-,-,(0),-,-,-,-,-,-,-,-,-,(0.2),06036かぶ根皮つき生から推計
06,06038,0507,かぶ　根　皮なし　生,93.9,-,-,-,-,-,0,-,-,-,-,-,-,-,-,-,-,-,-,-,-,-,-,0,
06,06048,0517,（かぼちゃ類）　西洋かぼちゃ　果実　生,76.2,-,-,-,-,-,-,-,-,-,0.2,-,-,0.2,-,-,-,-,-,-,-,-,-,0.4,
06,06049,0518,（かぼちゃ類）　西洋かぼちゃ　果実　ゆで,75.7,-,-,-,-,-,-,-,-,-,(0.2),-,-,(0.2),-,-,-,-,-,-,-,-,-,(0.4),06048西洋かぼちゃ生から推計
06,06332,0519,（かぼちゃ類）　西洋かぼちゃ　果実　焼き,68.2,-,-,-,-,-,-,-,-,-,(0.3),-,-,(0.3),-,-,-,-,-,-,-,-,-,(0.5),06048西洋かぼちゃ生から推計
06,06050,0520,（かぼちゃ類）　西洋かぼちゃ　果実　冷凍,78.1,-,-,-,-,-,-,-,-,-,(0.2),-,-,(0.2),-,-,-,-,-,-,-,-,-,(0.4),06048西洋かぼちゃ生から推計
06,06054,0524,カリフラワー　花序　生,90.8,-,-,-,-,-,0,-,-,-,0.2,-,-,0.1,-,Tr,0,0.1,-,-,-,-,-,0.3,
06,06055,0525,カリフラワー　花序　ゆで,91.5,-,-,-,-,-,-,-,-,-,0.2,-,-,0.1,-,Tr,-,0.1,-,-,-,-,-,0.3,
06,06061,0532,（キャベツ類）　キャベツ　結球葉　生,92.9,-,-,-,-,-,0,-,0,-,0.1,-,-,0.1,-,-,-,-,-,0,-,-,-,0.1,
06,06062,0533,（キャベツ類）　キャベツ　結球葉　ゆで,93.9,-,-,-,-,-,-,-,-,-,(0.1),-,-,(Tr),-,-,-,-,-,-,-,-,-,(0.1),06061キャベツ生から推計
06,06333,0534,（キャベツ類）　キャベツ　結球葉　油いため,85.7,-,-,-,-,-,-,-,-,-,(0.1),-,-,(0.1),-,-,-,-,-,-,-,-,-,(0.2),可食部(100g)から脂質量(g)を差し引いた部分について06062キャベツゆでから再推計
06,06403,0534-1,（キャベツ類）　キャベツ　結球葉　カット　常法洗浄,94.8,-,-,-,-,-,-,-,-,-,0.1,-,-,Tr,-,-,-,-,-,-,-,-,-,0.1,
06,06404,0534-2,（キャベツ類）　キャベツ　結球葉　カット　次亜塩素酸洗浄,95.1,-,-,-,-,-,-,-,-,-,0.1,-,-,Tr,-,-,-,-,-,-,-,-,-,0.1,
06,06063,0535,（キャベツ類）　グリーンボール　結球葉　生,93.4,-,-,-,-,-,-,-,-,-,(0.1),-,-,(Tr),-,-,-,-,-,-,-,-,-,(0.1),06061キャベツ生から推計
06,06065,0537,きゅうり　果実　生,95.4,-,-,-,-,-,0,-,-,-,0.3,-,-,Tr,-,-,-,-,-,-,-,-,-,0.3,
06,06093,0563,（ししとう類）　ししとう　果実　生,91.4,-,-,-,-,-,-,-,-,-,0.2,-,-,0.1,-,-,-,-,-,-,-,-,-,0.3,
06,06094,0564,（ししとう類）　ししとう　果実　油いため,88.3,-,-,-,-,-,-,-,-,-,0.2,-,-,0.1,-,-,-,-,-,-,-,-,-,0.3,
06,06103,0573,（しょうが類）　しょうが　根茎　皮なし　生,91.4,-,-,-,-,-,-,-,-,-,0.1,-,-,0.1,-,-,-,-,-,-,-,-,-,0.1,
06,06104,0576,（しょうが類）　しょうが　漬物　酢漬,89.2,-,0.6,-,-,-,Tr,-,-,-,0.3,-,-,0.3,-,-,-,-,-,-,-,-,-,1.2,
06,06105,0577,（しょうが類）　しょうが　漬物　甘酢漬,86.0,-,0.8,-,Tr,-,0.1,-,-,-,0.1,-,-,Tr,-,-,-,-,-,-,-,-,-,1.0,
06,06108,0581,しろうり　漬物　奈良漬,44.0,0,Tr,-,Tr,-,-,-,-,-,-,-,-,Tr,-,-,-,-,-,-,-,0.1,-,0.2,
06,06119,0593,セロリ　葉柄　生,94.7,-,-,-,-,-,Tr,-,-,-,-,-,-,-,-,-,-,-,-,-,-,-,-,Tr,
06,06138,0618,（だいこん類）　漬物　たくあん漬　塩押しだいこん漬,85.0,0,0.1,-,Tr,-,-,-,-,-,Tr,-,-,Tr,-,-,-,-,-,-,-,Tr,-,0.2,
06,06141,0621,（だいこん類）　漬物　べったら漬,83.1,-,0.1,-,0.1,-,-,-,-,-,Tr,-,-,Tr,-,-,-,-,-,-,-,Tr,-,0.2,
06,06142,0622,（だいこん類）　漬物　みそ漬,79.0,Tr,Tr,-,Tr,-,-,-,-,-,-,-,-,0.1,-,-,-,-,-,-,-,Tr,-,0.3,
06,06148,0628,たかな　たかな漬,87.2,Tr,0.1,-,0.2,-,-,-,-,-,0,-,-,0.1,-,-,-,-,-,-,-,0.1,-,0.5,
06,06149,0629,たけのこ　若茎　生,90.8,-,-,-,-,-,-,-,-,-,0.1,-,-,Tr,-,-,-,-,-,-,-,-,-,0.1,
06,06150,0630,たけのこ　若茎　ゆで,89.9,-,-,-,-,-,-,-,-,-,(0.1),-,-,(Tr),-,-,-,-,-,-,-,-,-,(0.1),06149たけのこ生から推計
06,06153,0633,（たまねぎ類）　たまねぎ　りん茎　生,90.1,-,-,-,-,-,0,-,-,-,0.1,-,-,0.1,-,-,-,-,-,-,-,-,-,0.2,
06,06156,0638,（たまねぎ類）　赤たまねぎ　りん茎　生,89.6,-,-,-,-,-,0,-,-,-,0.2,-,-,0.1,-,-,-,-,-,-,-,-,-,0.3,
06,06376,0643,ちぢみゆきな　葉　生,88.1,-,-,-,-,-,(0),-,-,-,-,-,-,-,-,-,-,-,-,-,-,-,-,(0),文献値から推計
06,06377,0644,ちぢみゆきな　葉　ゆで,89.1,-,-,-,-,-,(0),-,-,-,-,-,-,-,-,-,-,-,-,-,-,-,-,(0),文献値から推計推計
06,06160,0645,チンゲンサイ　葉　生,96.0,-,-,-,-,-,-,-,-,-,0.1,-,-,Tr,-,-,-,-,-,-,-,-,-,0.1,
06,06161,0646,チンゲンサイ　葉　ゆで,95.3,-,-,-,-,-,-,-,-,-,(0.1),-,-,(Tr),-,-,-,-,-,-,-,-,-,(0.1),06160チンゲンサイ生から推計
06,06338,0647,チンゲンサイ　葉　油いため,92.6,-,-,-,-,-,-,-,-,-,(0.1),-,-,(Tr),-,-,-,-,-,-,-,-,-,(0.1),可食部(100g)から脂質量(g)を差し引いた部分について06160チンゲンサイ生から推計
06,06175,0662,（とうもろこし類）　スイートコーン　未熟種子　生,77.1,-,-,-,-,-,0,-,Tr,-,0.1,-,-,0,-,-,-,-,-,0,-,-,-,0.2,
06,06176,0663,（とうもろこし類）　スイートコーン　未熟種子　ゆで,75.4,-,-,-,-,-,(0),-,(Tr),-,(0.1),-,-,(0),-,-,-,-,-,-,-,-,-,(0.2),06175スイートコーン生から推計
06,06339,0664,（とうもろこし類）　スイートコーン　未熟種子　電子レンジ調理,73.5,-,-,-,-,-,(0),-,(Tr),-,(0.1),-,-,(0),-,-,-,-,-,-,-,-,-,(0.2),06175スイートコーン生から推計
06,06177,0665,（とうもろこし類）　スイートコーン　未熟種子　穂軸つき　冷凍,75.6,-,-,-,-,-,(0),-,(Tr),-,(0.1),-,-,(0),-,-,-,-,-,-,-,-,-,(0.2),06175スイートコーン生から推計
06,06178,0666,（とうもろこし類）　スイートコーン　未熟種子　カーネル　冷凍,75.5,-,-,-,-,-,-,-,Tr,-,0.1,-,-,-,-,-,-,-,-,-,-,-,-,0.1,
06,06378,0667,（とうもろこし類）　スイートコーン　未熟種子　カーネル　冷凍　ゆで,76.5,-,-,-,-,-,-,-,Tr,-,0.1,-,-,-,-,-,-,-,-,-,-,-,-,0.1,
06,06379,0668,（とうもろこし類）　スイートコーン　未熟種子　カーネル　冷凍　油いため,71.8,-,-,-,-,-,-,-,Tr,-,0.1,-,-,-,-,-,-,-,-,-,-,-,-,0.1,
06,06182,0672,（トマト類）　赤色トマト　果実　生,94.0,-,0,-,0,-,-,-,-,-,Tr,-,-,0.4,-,-,-,-,-,-,-,-,-,0.4,
06,06183,0673,（トマト類）　赤色ミニトマト　果実　生,91.0,-,0,-,0,-,-,-,-,-,Tr,-,-,0.6,-,-,-,-,-,-,-,-,-,0.6,
06,06370,0675,（トマト類）　ドライトマト,9.5,-,-,-,-,-,-,-,Tr,-,0.5,-,-,3.2,-,-,-,-,-,-,-,-,-,3.6,
06,06191,0685,（なす類）　なす　果実　生,93.2,-,-,-,-,-,Tr,-,-,-,0.2,-,-,Tr,-,-,0,-,-,0.1,-,-,-,0.4,
06,06192,0686,（なす類）　なす　果実　ゆで,94.0,-,-,-,-,-,(Tr),-,-,-,(0.2),-,-,(0),-,-,-,-,-,(0.1),-,-,-,(0.3),06191なす生から推計
06,06342,0687,（なす類）　なす　果実　油いため,85.8,-,-,-,-,-,(Tr),-,-,-,(0.3),-,-,(Tr),-,-,-,-,-,(0.2),-,-,-,(0.5),可食部(100g)から脂質量(g)を差し引いた部分について06191なす生から推計
06,06193,0689,（なす類）　べいなす　果実　生,93.0,-,-,-,-,-,(Tr),-,-,-,(0.2),-,-,(Tr),-,-,-,-,-,(0.1),-,-,-,(0.4),06191なす生から推計
06,06194,0690,（なす類）　べいなす　果実　素揚げ,74.8,-,-,-,-,-,(Tr),-,-,-,(0.2),-,-,(Tr),-,-,-,-,-,(0.2),-,-,-,(0.5),可食部(100g)から脂質量(g)を差し引いた部分について06191なす生から推計
06,06205,0701,にがうり　果実　生,94.4,-,-,-,-,-,-,-,-,-,Tr,-,-,0,-,-,-,-,-,-,-,-,-,Tr,
06,06206,0702,にがうり　果実　油いため,90.3,-,-,-,-,-,-,-,-,-,(Tr),-,-,-,-,-,-,-,-,-,-,-,-,(Tr),可食部(100g)から脂質量(g)を差し引いた部分について06205にがうり生から推計
06,06214,0711,（にんじん類）　にんじん　根　皮なし　生,89.6,-,-,-,-,-,Tr,-,0,Tr,0.2,-,-,Tr,-,0,0,0,-,Tr,-,-,-,0.3,
06,06215,0712,（にんじん類）　にんじん　根　皮なし　ゆで,90.0,-,-,-,-,-,0,-,0,Tr,0.2,-,-,Tr,-,-,-,-,-,Tr,-,-,-,0.3,
06,06345,0713,（にんじん類）　にんじん　根　皮なし　油いため,79.1,-,-,-,-,-,(Tr),-,(Tr),(Tr),(0.3),-,-,(Tr),-,-,-,-,-,(0.1),-,-,-,(0.5),可食部(100g)から脂質量(g)を差し引いた部分について06214皮なし生から推計
06,06346,0714,（にんじん類）　にんじん　根　皮なし　素揚げ,80.6,-,-,-,-,-,(Tr),-,(Tr),(Tr),(0.4),-,-,(Tr),-,-,-,-,-,(0.1),-,-,-,(0.5),可食部(100g)から脂質量(g)を差し引いた部分について06214皮なし生から推計
06,06407,0714-1,（にんじん類）　にんじん　根　皮なし　カット　常法洗浄,91.5,-,-,-,-,-,-,-,-,Tr,0.1,-,-,Tr,-,-,-,-,-,Tr,-,-,-,0.2,
06,06408,0714-2,（にんじん類）　にんじん　根　皮なし　カット　次亜塩素酸洗浄,91.5,-,-,-,-,-,-,-,-,Tr,0.1,-,-,Tr,-,-,-,-,-,Tr,-,-,-,0.2,
06,06216,0716,（にんじん類）　にんじん　根　冷凍,90.2,-,-,-,-,-,-,-,-,0,0.2,-,-,Tr,-,-,-,-,-,Tr,-,-,-,0.3,
06,06380,0717,（にんじん類）　にんじん　根　冷凍　ゆで,91.7,-,-,-,-,-,-,-,-,0,0.1,-,-,Tr,-,-,-,-,-,Tr,-,-,-,0.2,
06,06381,0718,（にんじん類）　にんじん　根　冷凍　油いため,85.2,-,-,-,-,-,-,-,-,0,0.2,-,-,Tr,-,-,-,-,-,Tr,-,-,-,0.3,
06,06348,0719,（にんじん類）　にんじん　グラッセ,83.8,-,-,-,-,-,-,-,-,-,0.2,-,-,Tr,-,-,-,-,-,-,-,-,-,0.2,
06,06223,0726,（にんにく類）　にんにく　りん茎　生,63.9,-,-,-,-,-,0,-,-,-,-,-,-,-,-,-,-,-,-,-,-,-,-,0,
06,06235,0742,はくさい　漬物　塩漬,92.1,-,0.2,-,Tr,-,-,-,-,-,0.1,-,-,0,-,-,-,-,-,-,-,0,-,0.3,
06,06236,0743,はくさい　漬物　キムチ,88.4,0,0.1,-,Tr,-,0,-,-,-,Tr,-,-,0.1,-,-,-,-,-,-,-,Tr,-,0.3,
06,06245,0754,（ピーマン類）　青ピーマン　果実　生,93.4,-,-,-,-,-,Tr,-,-,-,0.1,-,-,Tr,-,-,-,-,-,-,-,-,-,0.2,
06,06246,0755,（ピーマン類）　青ピーマン　果実　油いため,89.0,-,-,-,-,-,(Tr),-,-,-,(0.1),-,-,(0.1),-,-,-,-,-,-,-,-,-,(0.2),可食部(100g)から脂質量(g)を差し引いた部分について06245青ピーマン生から推計
06,06263,0774,ブロッコリー　花序　生,86.2,-,-,-,-,-,Tr,-,-,-,0.1,-,-,0.1,-,-,0,3.3,-,-,-,-,-,0.3,
06,06395,0776,ブロッコリー　花序　電子レンジ調理,85.3,-,-,-,-,-,0,-,-,-,0.1,-,-,0.2,-,-,-,-,-,-,-,-,-,0.4,
06,06354,0779,ブロッコリー　芽ばえ　生,94.3,-,-,-,-,-,(0),-,-,-,(Tr),-,-,(0.1),-,-,-,(1.4),-,-,-,-,-,(0.1),06263ブロッコリー花序生から推計
06,06267,0782,ほうれんそう　葉　通年平均　生,92.4,0,0,-,0,-,0.7,-,0,0,0.1,-,0,Tr,-,0,-,8.5,-,-,-,-,-,0.9,
06,06355,0785,ほうれんそう　葉　夏採り　生,92.4,(0),(0),-,(0),-,(0.7),-,(0),(0),(0.1),-,(0),(Tr),-,(0),-,(8.5),-,-,-,-,-,(0.9),06267ほうれんそう通年平均生から推計
06,06356,0787,ほうれんそう　葉　冬採り　生,92.4,(0),(0),-,(0),-,(0.7),-,(0),(0),(0.1),-,(0),(Tr),-,(0),-,(8.5),-,-,-,-,-,(0.9),06267ほうれんそう通年平均生から推計
06,06269,0789,ほうれんそう　葉　冷凍,92.2,-,-,-,-,-,0.5,-,-,-,0.1,-,-,Tr,-,-,-,-,-,-,-,-,-,0.5,
06,06372,0790,ほうれんそう　葉　冷凍　ゆで,90.6,-,-,-,-,-,0.5,-,-,-,Tr,-,-,0,-,-,-,-,-,-,-,-,-,0.6,
06,06373,0791,ほうれんそう　葉　冷凍　油いため,84.6,-,-,-,-,-,0.6,-,-,-,0.1,-,-,Tr,-,-,-,-,-,-,-,-,-,0.7,
06,06289,0815,（もやし類）　ブラックマッペもやし　生,94.7,-,-,-,-,-,-,-,-,-,Tr,-,-,0,-,-,-,-,-,-,-,-,-,Tr,
06,06290,0816,（もやし類）　ブラックマッペもやし　ゆで,95.8,-,-,-,-,-,-,-,-,-,(Tr),-,-,-,-,-,-,-,-,-,-,-,-,(Tr),06289ブラックマッペもやし生から推計
06,06291,0818,（もやし類）　りょくとうもやし　生,95.4,-,-,-,-,-,-,-,-,-,Tr,-,-,0,-,-,-,-,-,-,-,-,-,Tr,
06,06292,0819,（もやし類）　りょくとうもやし　ゆで,95.9,-,-,-,-,-,-,-,-,-,(Tr),-,-,-,-,-,-,-,-,-,-,-,-,(Tr),06291りょくとうもやし生から推計
06,06306,0834,（らっきょう類）　らっきょう　甘酢漬,67.5,-,0.4,-,0.1,-,-,-,-,-,-,-,-,0.2,-,-,-,-,-,-,-,Tr,-,0.6,
06,06371,0850,れんこん　甘酢れんこん,80.8,-,0.5,-,-,-,-,-,-,-,-,-,-,-,-,-,-,-,-,-,-,-,-,0.5,
07,07181,0865,アサイー　冷凍　無糖,87.7,-,-,-,-,-,-,-,-,-,Tr,-,-,0.2,-,0,0,8.0,0,-,-,-,-,0.3,添加物としてクエン酸を含む
07,07012,0876,いちご　生,90.0,-,-,-,-,-,0,-,-,-,0.1,0,-,0.7,-,0,-,-,0,0,-,-,-,0.8,
07,07015,0880,いちじく　生,84.6,-,-,-,-,-,-,-,-,-,0.1,-,-,-,-,-,-,-,-,-,-,-,-,0.1,
07,07022,0886,うめ　梅干し　塩漬,72.2,-,-,-,-,-,-,-,-,-,0.9,-,-,3.4,-,0,0,1.6,-,-,-,-,-,4.3,
07,07040,0909,（かんきつ類）　オレンジ　ネーブル　砂じょう　生,86.8,-,-,-,-,-,-,-,-,-,0.1,-,-,0.8,-,Tr,0,8.9,-,-,-,-,-,0.9,
07,07042,0911,（かんきつ類）　オレンジ　バレンシア　果実飲料　ストレートジュース,87.8,-,-,-,-,-,0,-,0,-,0.1,0,-,0.9,-,-,-,-,-,0,-,-,-,1.1,
07,07062,0923,（かんきつ類）　グレープフルーツ　白肉種　砂じょう　生,89.0,-,-,-,-,-,-,-,-,-,Tr,-,-,1.1,-,-,0,5.6,-,-,-,-,-,1.1,
07,07164,0924,（かんきつ類）　グレープフルーツ　紅肉種　砂じょう　生,89.0,-,-,-,-,-,-,-,-,-,(Tr),-,-,(1.1),-,-,(0),(5.6),-,-,-,-,-,(1.1),07062白肉種砂じょう生から推計
07,07155,0951,（かんきつ類）　レモン　全果　生,85.3,-,-,-,-,-,-,-,-,-,0.1,-,-,3.0,-,0,0,6.6,-,-,-,-,-,3.2,
07,07156,0952,（かんきつ類）　レモン　果汁　生,90.5,-,-,-,-,-,0,-,0,-,0.2,-,-,6.5,-,-,-,-,-,-,-,-,-,6.7,
07,07054,0953,キウイフルーツ　緑肉種　生,84.7,-,-,-,-,-,-,-,-,-,0.2,-,-,1.0,-,-,-,-,-,0.8,-,-,-,2.0,
07,07186,0971-1,（すぐり類）　赤すぐり　冷凍,86.0,-,-,-,-,-,-,-,-,-,0.5,-,-,2.3,-,-,-,-,0,-,-,-,-,2.8,
07,07182,0972,（すぐり類）　カシス　冷凍,79.4,-,-,-,-,-,-,-,-,-,0.2,-,-,3.3,-,-,-,-,0,-,-,-,-,3.5,
07,07097,0988,パインアップル　生,85.2,-,-,-,-,-,0,-,0,-,0.2,0,-,0.6,-,-,-,-,-,0,-,-,-,0.9,"
"
07,07177,0989,パインアップル　焼き,78.2,-,-,-,-,-,0,-,0,-,0.3,0,-,0.7,-,-,-,-,-,0,-,-,-,1.0,
07,07106,0997,パッションフルーツ　果汁　生,82.0,-,-,-,-,-,-,-,-,-,0.4,-,-,2.5,-,-,-,-,-,-,-,-,-,2.8,
07,07107,0998,バナナ　生,75.4,-,0,-,-,-,-,-,-,-,0.4,-,-,0.3,-,-,-,-,-,-,-,-,-,0.7,
07,07108,0999,バナナ　乾,14.3,-,-,-,-,-,-,-,-,-,(1.5),-,-,(1.0),-,-,-,-,-,-,-,-,-,(2.5),07107バナナ生から推計。
07,07116,1004,ぶどう　皮なし　生,83.5,-,-,-,0,-,0,-,-,-,0.2,0.4,-,Tr,-,-,-,-,0,-,-,-,-,0.6,
07,07178,1005,ぶどう　皮つき　生,81.7,-,-,-,-,-,0,-,0,-,0.2,0.4,-,Tr,-,-,-,-,-,0,-,-,-,0.7,
07,07187,1005-1,ぶどう　皮つき　シャインマスカット　生,82.5,-,-,-,-,-,-,-,-,-,0.2,0.4,-,Tr,-,-,-,-,-,-,-,-,-,0.6,
07,07117,1006,ぶどう　干しぶどう,14.5,-,-,-,-,-,-,-,-,-,(0.4),-,-,-,-,-,-,-,-,(0.8),-,-,-,(1.2),豪州成分表から推計
07,07179,1021,マンゴー　ドライマンゴー,9.3,-,-,-,-,-,0,-,0.1,-,0.2,0,-,2.3,-,-,-,-,-,0.3,-,-,-,3.0,
07,07136,1026,（もも類）　もも　白肉種　生,88.7,-,-,-,-,-,-,-,-,-,0.3,-,-,0.1,-,-,-,-,2.2,-,-,-,-,0.4,
07,07184,1027,（もも類）　もも　黄肉種　生,85.4,-,-,-,-,-,-,-,-,-,0.3,-,-,0.1,-,-,-,-,0.6,-,-,-,-,0.4,
07,07148,1037,りんご　皮なし　生,84.1,-,-,-,-,-,-,-,0,-,0.5,0,-,0,-,-,-,-,-,-,-,-,-,0.5,
07,07176,1038,りんご　皮つき　生,83.1,-,-,-,-,-,0,-,0,-,0.4,0,-,0,-,-,-,-,-,Tr,-,-,-,0.4,
07,07180,1039,りんご　皮つき　焼き,77.2,-,-,-,-,-,0,-,0,-,0.6,0,-,Tr,-,-,-,-,-,Tr,-,-,-,0.6,
08,08039,1059,しいたけ　生しいたけ　菌床栽培　生,89.6,-,-,-,-,-,-,-,Tr,Tr,0.2,-,-,0,0,-,-,-,-,-,-,-,-,0.2,
08,08040,1060,しいたけ　生しいたけ　菌床栽培　ゆで,91.5,-,-,-,-,-,-,-,(Tr),(Tr),(0.1),-,-,(0),-,-,-,-,-,-,-,-,-,(0.2),08039生しいたけ菌床栽培生から推計
08,08041,1061,しいたけ　生しいたけ　菌床栽培　油いため,84.7,-,-,-,-,-,-,-,(Tr),(Tr),(0.2),-,-,(0),-,-,-,-,-,-,-,-,-,(0.3),可食部(100g)から脂質量(g)を差し引いた部分について08039生しいたけ菌床栽培生から推計
08,08057,1062,しいたけ　生しいたけ　菌床栽培　天ぷら,64.1,-,-,-,-,-,-,-,0,0.1,0.1,-,-,Tr,0,-,-,-,-,-,-,-,-,0.2,
08,08042,1063,しいたけ　生しいたけ　原木栽培　生,88.3,-,-,-,-,-,-,-,Tr,Tr,0.2,-,-,0,0,-,-,-,-,-,-,-,-,0.2,
08,08043,1064,しいたけ　生しいたけ　原木栽培　ゆで,90.8,-,-,-,-,-,-,-,(Tr),(Tr),(0.2),-,-,-,-,-,-,-,-,-,-,-,-,(0.2),08042生しいたけ原木栽培生から推計
08,08044,1065,しいたけ　生しいたけ　原木栽培　油いため,81.3,-,-,-,-,-,-,-,(Tr),(Tr),(0.2),-,-,-,-,-,-,-,-,-,-,-,-,(0.3),可食部(100g)から脂質量(g)を差し引いた部分について08042生しいたけ原木栽培生から推計
08,08013,1066,しいたけ　乾しいたけ　乾,9.1,-,-,-,-,-,-,-,Tr,0.5,1.0,-,-,0.4,0,-,-,-,-,-,-,-,-,1.9,
08,08014,1067,しいたけ　乾しいたけ　ゆで,86.2,-,-,-,-,-,-,-,(0),(0.1),(0.2),-,-,(0.1),-,-,-,-,-,-,-,-,-,(0.3),08013 乾しいたけ、乾 から推計
08,08053,1068,しいたけ　乾しいたけ　甘煮,64.7,-,-,-,-,-,-,-,0,0,0,-,-,0,0,-,-,-,-,-,-,-,-,Tr,
08,08016,1071,（しめじ類）　ぶなしめじ　生,91.1,-,-,-,-,-,-,-,Tr,Tr,0.2,-,-,-,-,-,-,-,-,-,-,-,-,0.3,
08,08017,1072,（しめじ類）　ぶなしめじ　ゆで,91.1,-,-,-,-,-,-,-,(Tr),(Tr),(0.2),-,-,-,-,-,-,-,-,-,-,-,-,(0.3),08016ぶなしめじ生から推計
08,08046,1073,（しめじ類）　ぶなしめじ　油いため,85.9,-,-,-,-,-,-,-,(Tr),(Tr),(0.2),-,-,-,-,-,-,-,-,-,-,-,-,(0.3),油の吸着量を引いて08016ぶなしめじ、生から推計。
08,08055,1074,（しめじ類）　ぶなしめじ　素揚げ,70.5,-,-,-,-,-,-,-,Tr,0.1,0.3,-,-,-,-,-,-,-,-,-,-,-,-,0.4,
08,08056,1075,（しめじ類）　ぶなしめじ　天ぷら,55.5,-,-,-,-,-,-,-,0,0.1,0.1,-,-,-,-,-,-,-,-,-,-,-,-,0.2,
09,09005,1105,あまのり　味付けのり,3.4,-,0,-,0.1,-,0,-,0,0,0,-,0,0.3,-,-,-,-,-,-,-,-,-,0.4,
09,09017,1117,（こんぶ類）　まこんぶ　素干し　乾,9.5,-,0,-,0,-,Tr,-,-,-,-,-,-,0.1,-,-,-,-,-,-,-,-,-,0.1,
09,09056,1118,（こんぶ類）　まこんぶ　素干し　水煮,83.9,-,0,-,0,-,0,-,-,-,-,-,-,0,-,-,-,-,-,-,-,-,-,0,
09,09023,1124,（こんぶ類）　つくだ煮,49.6,-,0.6,-,0.3,-,0.1,-,Tr,0,0,-,0,0.1,-,-,-,-,-,-,-,-,-,1.0,
09,09033,1140,ひとえぐさ　つくだ煮,56.5,-,Tr,-,0.2,-,0,-,0,0,0,-,0,Tr,-,-,-,-,-,-,-,-,-,0.3,
09,09045,1154,わかめ　湯通し塩蔵わかめ　塩抜き　生,93.3,-,0,-,0,-,0,-,0,-,-,-,-,0,-,-,-,-,-,-,-,-,-,0,
09,09057,1155,わかめ　湯通し塩蔵わかめ　塩抜き　ゆで,97.5,-,0,-,0,-,0,-,0,-,-,-,-,0,-,-,-,-,-,-,-,-,-,0,
10,10427,1495,＜貝類＞　あわび　くろあわび　生,79.5,-,-,-,0.1,-,-,-,Tr,-,-,-,-,-,-,-,-,-,-,-,-,-,-,0.1,
10,10289,1501,＜貝類＞　いがい　生,82.9,-,-,-,0,-,-,-,Tr,-,-,-,-,-,-,-,-,-,-,-,-,-,-,Tr,
10,10292,1504,＜貝類＞　かき　養殖　生,85.0,-,-,-,Tr,-,-,-,Tr,-,-,-,-,-,-,-,-,-,-,-,-,-,-,0.1,
10,10293,1505,＜貝類＞　かき　養殖　水煮,78.7,-,-,-,Tr,-,-,-,Tr,-,-,-,-,-,-,-,-,-,-,-,-,-,-,0.1,
10,10430,1506,＜貝類＞　かき　養殖　フライ,46.6,-,-,-,Tr,-,-,-,Tr,-,-,-,-,-,-,-,-,-,-,-,-,-,-,0.1,
10,10310,1524,＜貝類＞　（はまぐり類）　ちょうせんはまぐり　生,88.1,-,-,-,Tr,-,-,-,0.1,-,-,-,-,-,-,-,-,-,-,-,-,-,-,0.1,
10,10381,1604,＜水産練り製品＞　焼き竹輪,70.2,-,-,-,Tr,-,-,-,-,-,-,-,-,-,-,-,-,-,-,-,-,-,-,Tr,
10,10386,1609,＜水産練り製品＞　さつま揚げ,70.0,-,-,-,0.1,-,-,-,-,-,-,-,-,-,-,-,-,-,-,-,-,-,-,0.1,
11,11032,1649,＜畜肉類＞　うし　［乳用肥育牛肉］　かた　赤肉　生,71.7,-,-,-,0.6,-,-,-,-,-,-,-,-,-,-,-,-,-,-,-,-,-,-,0.6,
11,11101,1742,＜畜肉類＞　うし　［副生物］　腱　ゆで,65.4,-,-,-,Tr,-,-,-,-,-,-,-,-,-,-,-,-,-,-,-,-,-,-,Tr,
11,11274,1745,＜畜肉類＞　うし　［副生物］　横隔膜　生,57.0,-,-,-,0.4,-,-,-,-,-,-,-,-,-,-,-,-,-,-,-,-,-,-,0.4,
11,11296,1746,＜畜肉類＞　うし　［副生物］　横隔膜　ゆで,39.6,-,-,-,0.2,-,-,-,-,-,-,-,-,-,-,-,-,-,-,-,-,-,-,0.2,
11,11297,1747,＜畜肉類＞　うし　［副生物］　横隔膜　焼き,39.4,-,-,-,0.4,-,-,-,-,-,-,-,-,-,-,-,-,-,-,-,-,-,-,0.4,
11,11104,1748,＜畜肉類＞　うし　［加工品］　ローストビーフ,64.0,-,-,-,0.7,-,-,-,-,-,-,-,-,-,-,-,-,-,-,-,-,-,-,0.7,
11,11105,1749,＜畜肉類＞　うし　［加工品］　コンビーフ缶詰,63.4,-,-,-,0.3,-,-,-,-,-,-,-,-,-,-,-,-,-,-,-,-,-,-,0.3,
11,11106,1750,＜畜肉類＞　うし　［加工品］　味付け缶詰,64.3,-,-,-,0.3,-,-,-,-,-,-,-,-,-,-,-,-,-,-,-,-,-,-,0.3,
11,11107,1751,＜畜肉類＞　うし　［加工品］　ビーフジャーキー,24.4,-,-,-,1.6,-,-,-,-,-,-,-,-,-,-,-,-,-,-,-,-,-,-,1.6,
11,11108,1752,＜畜肉類＞　うし　［加工品］　スモークタン,55.9,-,-,-,0.5,-,-,-,-,-,-,-,-,-,-,-,-,-,-,-,-,-,-,0.5,
11,11275,1759,＜畜肉類＞　しか　にほんじか　赤肉　生,71.4,-,-,-,0.5,-,-,-,-,-,-,-,-,-,-,-,-,-,-,-,-,-,-,0.5,
11,11295,1761,＜畜肉類＞　しか　にほんじか　きゅうしゅうじか　赤肉　生,74.4,-,-,-,0.5,-,-,-,-,-,-,-,-,-,-,-,-,-,-,-,-,-,-,0.5,
11,11311,1761-1,＜畜肉類＞　しか　にほんじか　ほんしゅうじか　赤肉　生,77.1,-,-,-,0.6,-,-,-,-,-,-,-,-,-,-,-,-,-,-,-,-,-,-,0.6,
11,11312,1815-1,＜畜肉類＞　ぶた　［副生物］　頭部　ジョウルミート　生,59.8,-,-,-,0.5,-,-,-,-,-,-,-,-,-,-,-,-,-,-,-,-,-,-,0.5,
11,11313,1815-2,＜畜肉類＞　ぶた　［副生物］　頭部　ジョウルミート　焼き,45.1,-,-,-,0.7,-,-,-,-,-,-,-,-,-,-,-,-,-,-,-,-,-,-,0.7,
11,11174,1826,＜畜肉類＞　ぶた　［ハム類］　骨付きハム,62.9,-,-,-,0.4,-,-,-,-,-,-,-,-,-,-,-,-,-,-,-,-,-,-,0.4,
11,11175,1827,＜畜肉類＞　ぶた　［ハム類］　ボンレスハム,72.0,-,-,-,0.5,-,-,-,-,-,-,-,-,-,-,-,-,-,-,-,-,-,-,0.5,
11,11176,1828,＜畜肉類＞　ぶた　［ハム類］　ロースハム　ロースハム,61.1,-,-,-,0.5,-,-,-,-,-,-,-,-,-,-,-,-,-,-,-,-,-,-,0.5,
11,11305,1831,＜畜肉類＞　ぶた　［ハム類］　ロースハム　フライ,27.8,-,-,-,0.4,-,-,-,-,-,-,-,-,-,-,-,-,-,-,-,-,-,-,0.4,
11,11177,1832,＜畜肉類＞　ぶた　［ハム類］　ショルダーハム,62.7,-,-,-,0.3,-,-,-,-,-,-,-,-,-,-,-,-,-,-,-,-,-,-,0.3,
11,11181,1833,＜畜肉類＞　ぶた　［ハム類］　生ハム　促成,55.0,-,-,-,1.1,-,-,-,-,-,-,-,-,-,-,-,-,-,-,-,-,-,-,1.1,
11,11182,1834,＜畜肉類＞　ぶた　［ハム類］　生ハム　長期熟成,49.5,-,-,-,0.7,-,-,-,-,-,-,-,-,-,-,-,-,-,-,-,-,-,-,0.7,
11,11178,1835,＜畜肉類＞　ぶた　［プレスハム類］　プレスハム,73.3,-,-,-,0.5,-,-,-,-,-,-,-,-,-,-,-,-,-,-,-,-,-,-,0.5,
11,11180,1836,＜畜肉類＞　ぶた　［プレスハム類］　チョップドハム,68.0,-,-,-,0.3,-,-,-,-,-,-,-,-,-,-,-,-,-,-,-,-,-,-,0.3,
11,11183,1837,＜畜肉類＞　ぶた　［ベーコン類］　ばらベーコン　ばらベーコン　,58.8,-,-,-,0.5,-,-,-,-,-,-,-,-,-,-,-,-,-,-,-,-,-,-,0.5,
11,11314,1837-1,＜畜肉類＞　ぶた　［ベーコン類］　ばらベーコン　ゆで,57.9,-,-,-,0.2,-,-,-,-,-,-,-,-,-,-,-,-,-,-,-,-,-,-,0.2,
11,11315,1837-2,＜畜肉類＞　ぶた　［ベーコン類］　ばらベーコン　焼き,45.9,-,-,-,0.7,-,-,-,-,-,-,-,-,-,-,-,-,-,-,-,-,-,-,0.7,
11,11316,1837-3,＜畜肉類＞　ぶた　［ベーコン類］　ばらベーコン　油いため,52.3,-,-,-,0.6,-,-,-,-,-,-,-,-,-,-,-,-,-,-,-,-,-,-,0.6,
11,11184,1838,＜畜肉類＞　ぶた　［ベーコン類］　ロースベーコン,62.5,-,-,-,0.6,-,-,-,-,-,-,-,-,-,-,-,-,-,-,-,-,-,-,0.6,
11,11185,1839,＜畜肉類＞　ぶた　［ベーコン類］　ショルダーベーコン,65.4,-,-,-,0.7,-,-,-,-,-,-,-,-,-,-,-,-,-,-,-,-,-,-,0.7,
11,11186,1840,＜畜肉類＞　ぶた　［ソーセージ類］　ウインナーソーセージ　ウインナーソーセージ,52.3,-,-,-,0.2,-,-,-,-,-,-,-,-,-,-,-,-,-,-,-,-,-,-,0.2,
11,11306,1841,＜畜肉類＞　ぶた　［ソーセージ類］　ウインナーソーセージ　ゆで,52.3,-,-,-,0.3,-,-,-,-,-,-,-,-,-,-,-,-,-,-,-,-,-,-,0.3,
11,11307,1842,＜畜肉類＞　ぶた　［ソーセージ類］　ウインナーソーセージ　焼き,50.2,-,-,-,0.3,-,-,-,-,-,-,-,-,-,-,-,-,-,-,-,-,-,-,0.3,
11,11308,1843,＜畜肉類＞　ぶた　［ソーセージ類］　ウインナーソーセージ　フライ,45.8,-,-,-,0.3,-,-,-,-,-,-,-,-,-,-,-,-,-,-,-,-,-,-,0.3,
11,11187,1844,＜畜肉類＞　ぶた　［ソーセージ類］　セミドライソーセージ,46.8,-,-,-,0.4,-,-,-,-,-,-,-,-,-,-,-,-,-,-,-,-,-,-,0.4,
11,11188,1845,＜畜肉類＞　ぶた　［ソーセージ類］　ドライソーセージ,23.5,-,-,-,0.8,-,-,-,-,-,-,-,-,-,-,-,-,-,-,-,-,-,-,0.8,
11,11189,1846,＜畜肉類＞　ぶた　［ソーセージ類］　フランクフルトソーセージ,54.0,-,-,-,0.4,-,-,-,-,-,-,-,-,-,-,-,-,-,-,-,-,-,-,0.4,
11,11190,1847,＜畜肉類＞　ぶた　［ソーセージ類］　ボロニアソーセージ,60.9,-,-,-,0.3,-,-,-,-,-,-,-,-,-,-,-,-,-,-,-,-,-,-,0.3,
11,11191,1848,＜畜肉類＞　ぶた　［ソーセージ類］　リオナソーセージ,65.2,-,-,-,0.2,-,-,-,-,-,-,-,-,-,-,-,-,-,-,-,-,-,-,0.2,
11,11192,1849,＜畜肉類＞　ぶた　［ソーセージ類］　レバーソーセージ,47.7,-,-,-,0.2,-,-,-,-,-,-,-,-,-,-,-,-,-,-,-,-,-,-,0.2,
11,11193,1850,＜畜肉類＞　ぶた　［ソーセージ類］　混合ソーセージ,58.2,-,-,-,0.3,-,-,-,-,-,-,-,-,-,-,-,-,-,-,-,-,-,-,0.3,
11,11194,1851,＜畜肉類＞　ぶた　［ソーセージ類］　生ソーセージ,58.6,-,-,-,0.3,-,-,-,-,-,-,-,-,-,-,-,-,-,-,-,-,-,-,0.3,
11,11317,1851-1,＜畜肉類＞　ぶた　［ソーセージ類］　ランチョンミート,55.5,-,-,-,0.4,-,-,-,-,-,-,-,-,-,-,-,-,-,-,-,-,-,-,0.4,
11,11195,1852,＜畜肉類＞　ぶた　［その他］　焼き豚,64.3,-,-,-,0.7,-,-,-,-,-,-,-,-,-,-,-,-,-,-,-,-,-,-,0.7,
11,11196,1853,＜畜肉類＞　ぶた　［その他］　レバーペースト,45.8,-,-,-,0.1,-,-,-,-,-,-,-,-,-,-,-,-,-,-,-,-,-,-,0.1,
11,11197,1854,＜畜肉類＞　ぶた　［その他］　スモークレバー,57.6,-,-,-,0.1,-,-,-,-,-,-,-,-,-,-,-,-,-,-,-,-,-,-,0.1,
11,11245,1858,＜畜肉類＞　めんよう　［マトン］　ロース　皮下脂肪なし　生,72.3,-,-,-,0.6,-,-,-,-,-,-,-,-,-,-,-,-,-,-,-,-,-,-,0.6,
11,11246,1863,＜畜肉類＞　めんよう　［ラム］　ロース　皮下脂肪なし　生,72.3,-,-,-,0.7,-,-,-,-,-,-,-,-,-,-,-,-,-,-,-,-,-,-,0.7,
11,11227,1899,＜鳥肉類＞　にわとり　［若どり・副品目］　ささみ　生,75.0,-,-,-,0.7,-,-,-,-,-,-,-,-,-,-,-,-,-,-,-,-,-,-,0.7,
11,11229,1900,＜鳥肉類＞　にわとり　［若どり・副品目］　ささみ　ゆで,69.2,-,-,-,0.6,-,-,-,-,-,-,-,-,-,-,-,-,-,-,-,-,-,-,0.6,
11,11228,1901,＜鳥肉類＞　にわとり　［若どり・副品目］　ささみ　焼き,66.4,-,-,-,0.8,-,-,-,-,-,-,-,-,-,-,-,-,-,-,-,-,-,-,0.8,
11,11298,1902,＜鳥肉類＞　にわとり　［若どり・副品目］　ささみ　ソテー,57.3,-,-,-,1.0,-,-,-,-,-,-,-,-,-,-,-,-,-,-,-,-,-,-,1.0,
11,11300,1903,＜鳥肉類＞　にわとり　［若どり・副品目］　ささみ　フライ,52.4,-,-,-,0.7,-,-,-,-,-,-,-,-,-,-,-,-,-,-,-,-,-,-,0.7,
11,11299,1904,＜鳥肉類＞　にわとり　［若どり・副品目］　ささみ　天ぷら,59.3,-,-,-,0.7,-,-,-,-,-,-,-,-,-,-,-,-,-,-,-,-,-,-,0.7,
11,11237,1913,＜鳥肉類＞　にわとり　［その他］　焼き鳥缶詰,62.8,-,-,-,0.3,-,-,-,-,-,-,-,-,-,-,-,-,-,-,-,-,-,-,0.3,
11,11292,1914,＜鳥肉類＞　にわとり　［その他］　チキンナゲット,53.7,-,-,-,0.4,-,-,-,-,-,-,-,-,-,-,-,-,-,-,-,-,-,-,0.4,
12,12017,1942,鶏卵　たまご豆腐,85.2,-,(0),-,(0),-,-,-,(0),-,-,-,-,(0),-,-,-,-,-,-,-,-,-,(0),原材料配合割合から推計
12,12018,1943,鶏卵　たまご焼　厚焼きたまご,71.9,-,(0),-,(0),-,-,-,(0),-,-,-,-,(0),-,-,-,-,-,-,-,-,-,(0),原材料配合割合から推計
12,12019,1944,鶏卵　たまご焼　だし巻きたまご,77.5,-,(0),-,(0),-,-,-,(0),-,-,-,-,(0),-,-,-,-,-,-,-,-,-,(0),原材料配合割合から推計
13,13001,1945,＜牛乳及び乳製品＞　（液状乳類）　生乳　ジャージー種,85.5,-,-,-,0,-,-,-,-,-,-,-,-,0.2,-,-,-,-,-,-,-,-,-,0.2,
13,13002,1946,＜牛乳及び乳製品＞　（液状乳類）　生乳　ホルスタイン種,87.7,-,-,-,0,-,-,-,-,-,-,-,-,0.1,-,-,-,-,-,-,-,-,-,0.1,
13,13003,1947,＜牛乳及び乳製品＞　（液状乳類）　普通牛乳,87.4,-,-,-,0,-,-,-,-,-,-,-,-,0.2,-,-,-,-,-,-,-,-,-,0.2,
13,13006,1948,＜牛乳及び乳製品＞　（液状乳類）　脱脂乳,91.0,-,-,-,0,-,-,-,-,-,-,-,-,0.2,-,-,-,-,-,-,-,-,-,0.2,
13,13004,1949,＜牛乳及び乳製品＞　（液状乳類）　加工乳　濃厚,86.3,-,-,-,Tr,-,-,-,-,-,-,-,-,0.2,-,-,-,-,-,-,-,-,-,0.2,
13,13005,1950,＜牛乳及び乳製品＞　（液状乳類）　加工乳　低脂肪,88.8,-,-,-,0,-,-,-,-,-,-,-,-,0.2,-,-,-,-,-,-,-,-,-,0.2,
13,13007,1952,＜牛乳及び乳製品＞　（液状乳類）　乳飲料　コーヒー,88.1,0,0,0,0,0,0,0,0,0,0,0,0,0.1,0,0,0,2.3,3.0,Tr,0,-,-,0.1,
13,13009,1954,＜牛乳及び乳製品＞　（粉乳類）　全粉乳,3.0,-,-,-,-,-,-,-,-,-,-,-,-,(1.2),-,-,-,-,-,-,-,-,-,(1.2),13003普通牛乳から推計
13,13010,1955,＜牛乳及び乳製品＞　（粉乳類）　脱脂粉乳,3.8,-,-,-,-,-,-,-,-,-,-,-,-,1.8,-,-,-,-,-,-,-,-,-,1.8,
13,13011,1956,＜牛乳及び乳製品＞　（粉乳類）　乳児用調製粉乳,2.6,-,-,-,0.1,-,-,-,-,-,-,-,-,0.3,-,-,-,-,-,-,-,-,-,0.4,
13,13013,1958,＜牛乳及び乳製品＞　（練乳類）　加糖練乳,26.1,-,-,-,0,-,-,-,-,-,-,-,-,0.4,-,-,-,-,-,-,-,-,-,0.4,
13,13014,1959,＜牛乳及び乳製品＞　（クリーム類）　クリーム　乳脂肪,48.2,-,-,-,0,-,-,-,-,-,-,-,-,0.1,-,-,-,-,-,-,-,-,-,0.1,
13,13015,1960,＜牛乳及び乳製品＞　（クリーム類）　クリーム　乳脂肪・植物性脂肪,49.8,-,-,-,0,-,-,-,-,-,-,-,-,0.1,-,-,-,-,-,-,-,-,-,0.1,
13,13016,1961,＜牛乳及び乳製品＞　（クリーム類）　クリーム　植物性脂肪,55.5,-,-,-,Tr,-,-,-,-,-,-,-,-,0.1,-,-,-,-,-,-,-,-,-,0.1,
13,13017,1962,＜牛乳及び乳製品＞　（クリーム類）　ホイップクリーム　乳脂肪,44.3,-,-,-,-,-,-,-,-,-,-,-,-,0.1,-,-,-,-,-,-,-,-,-,0.1,
13,13018,1963,＜牛乳及び乳製品＞　（クリーム類）　ホイップクリーム　乳脂肪・植物性脂肪,44.0,-,-,-,0,-,-,-,-,-,-,-,-,0.1,-,-,-,-,-,-,-,-,-,0.1,
13,13019,1964,＜牛乳及び乳製品＞　（クリーム類）　ホイップクリーム　植物性脂肪,43.7,-,-,-,Tr,-,-,-,-,-,-,-,-,0.1,-,-,-,-,-,-,-,-,-,0.1,
13,13020,1965,＜牛乳及び乳製品＞　（クリーム類）　コーヒーホワイトナー　液状　乳脂肪,70.3,-,-,-,-,-,-,-,-,-,-,-,-,(Tr),-,-,-,-,-,-,-,-,-,(Tr),13014クリーム乳脂肪から推計
13,13021,1966,＜牛乳及び乳製品＞　（クリーム類）　コーヒーホワイトナー　液状　乳脂肪・植物性脂肪,69.2,-,-,-,(0),-,-,-,-,-,-,-,-,(0.1),-,-,-,-,-,-,-,-,-,(0.1),13015クリーム乳脂肪/植物性脂肪から推計
13,13022,1967,＜牛乳及び乳製品＞　（クリーム類）　コーヒーホワイトナー　液状　植物性脂肪,68.4,-,-,-,0,-,-,-,-,-,-,-,-,Tr,-,-,-,-,-,-,-,-,-,Tr,
13,13024,1969,＜牛乳及び乳製品＞　（クリーム類）　コーヒーホワイトナー　粉末状　植物性脂肪,2.7,-,-,-,0,-,-,-,-,-,-,-,-,0.7,-,-,-,-,-,-,-,-,-,0.7,
13,13025,1970,＜牛乳及び乳製品＞　（発酵乳・乳酸菌飲料）　ヨーグルト　全脂無糖,87.7,-,-,-,0.7,-,-,-,-,-,-,-,-,0.2,-,-,-,-,-,-,-,-,-,0.9,
13,13053,1971,＜牛乳及び乳製品＞　（発酵乳・乳酸菌飲料）　ヨーグルト　低脂肪無糖,89.2,-,-,-,0.8,-,-,-,-,-,-,-,-,-,-,-,-,-,-,-,Tr,-,-,0.8,
13,13054,1972,＜牛乳及び乳製品＞　（発酵乳・乳酸菌飲料）　ヨーグルト　無脂肪無糖,89.1,-,-,-,0.9,-,-,-,-,-,-,-,-,0.2,-,-,-,-,-,-,-,-,-,1.1,
13,13026,1973,＜牛乳及び乳製品＞　（発酵乳・乳酸菌飲料）　ヨーグルト　脱脂加糖,82.6,-,-,-,0.7,-,-,-,-,-,-,-,-,0.2,-,-,-,-,-,-,-,-,-,0.9,
13,13027,1974,＜牛乳及び乳製品＞　（発酵乳・乳酸菌飲料）　ヨーグルト　ドリンクタイプ　加糖,83.8,-,-,-,0.8,-,-,-,-,-,-,-,-,0.2,-,-,-,-,-,-,-,-,-,1.0,
13,13028,1975,＜牛乳及び乳製品＞　（発酵乳・乳酸菌飲料）　乳酸菌飲料　乳製品,82.1,-,-,-,0.6,-,-,-,-,-,-,-,-,0.1,-,-,-,-,-,-,-,-,-,0.6,
13,13029,1976,＜牛乳及び乳製品＞　（発酵乳・乳酸菌飲料）　乳酸菌飲料　殺菌乳製品,45.5,-,-,-,1.2,-,-,-,-,-,-,-,-,Tr,-,-,-,-,-,-,-,-,-,1.2,
13,13030,1977,＜牛乳及び乳製品＞　（発酵乳・乳酸菌飲料）　乳酸菌飲料　非乳製品,89.3,-,-,-,0.1,0,0,-,0,-,0,0,-,0.2,-,-,-,-,-,-,-,-,-,0.3,
13,13033,1980,＜牛乳及び乳製品＞　（チーズ類）　ナチュラルチーズ　カテージ,79.0,-,Tr,-,0.2,-,-,-,-,-,-,-,-,0,-,-,-,-,-,-,-,-,-,0.2,
13,13034,1981,＜牛乳及び乳製品＞　（チーズ類）　ナチュラルチーズ　カマンベール,51.8,-,-,-,0.3,-,-,-,-,-,-,-,-,Tr,-,-,-,-,-,-,-,-,-,0.3,
13,13035,1982,＜牛乳及び乳製品＞　（チーズ類）　ナチュラルチーズ　クリーム,55.5,-,-,-,0.4,-,-,-,-,-,-,-,-,Tr,-,-,-,-,-,-,-,-,-,0.4,
13,13037,1984,＜牛乳及び乳製品＞　（チーズ類）　ナチュラルチーズ　チェダー,35.3,-,-,0,1.1,-,-,-,-,-,-,-,-,0.2,-,-,-,-,-,-,-,-,-,1.3,
13,13055,1987,＜牛乳及び乳製品＞　（チーズ類）　ナチュラルチーズ　マスカルポーネ,62.4,-,-,-,Tr,-,-,-,-,-,-,-,-,0.2,-,-,-,-,-,-,-,-,-,0.2,
13,13057,1989,＜牛乳及び乳製品＞　（チーズ類）　ナチュラルチーズ　やぎ,52.9,-,-,-,0.4,-,-,-,-,-,-,-,-,0.1,-,-,-,-,-,-,-,-,-,0.5,
13,13040,1991,＜牛乳及び乳製品＞　（チーズ類）　プロセスチーズ,45.0,-,-,-,1.1,-,-,-,-,-,-,-,-,0.3,-,-,-,-,-,-,-,-,-,1.3,
13,13042,1993,＜牛乳及び乳製品＞　（アイスクリーム類）　アイスクリーム　高脂肪,61.3,-,-,-,0,-,-,-,-,-,-,-,-,0.2,-,-,-,-,-,-,-,-,-,0.2,
13,13043,1994,＜牛乳及び乳製品＞　（アイスクリーム類）　アイスクリーム　普通脂肪,63.9,-,-,-,0,-,-,-,-,-,-,-,-,0.1,-,-,-,-,-,-,-,-,-,0.1,
13,13045,1996,＜牛乳及び乳製品＞　（アイスクリーム類）　ラクトアイス　普通脂肪,60.4,-,-,-,0,-,-,-,-,-,-,-,-,0.2,-,-,-,-,-,-,-,-,-,0.2,
13,13050,2001,＜牛乳及び乳製品＞　（その他）　チーズホエーパウダー,2.2,-,-,-,0.7,-,-,-,-,-,-,-,-,2.0,-,-,-,-,-,-,-,-,-,2.7,
15,15007,2046,＜和生菓子・和半生菓子類＞　うぐいすもち　こしあん入り,40.0,-,-,-,-,-,(0),-,-,-,(0),-,-,(0),-,-,-,-,-,-,-,-,-,(0),原材料配合割合から推計
15,15011,2052,＜和生菓子・和半生菓子類＞　かるかん,42.5,-,-,-,-,-,0,-,-,-,Tr,-,-,0.1,-,-,-,-,-,-,-,-,-,0.1,
15,15019,2062,＜和生菓子・和半生菓子類＞　くし団子　みたらし,50.5,-,(0),-,(Tr),-,-,-,(0),-,-,-,-,(0),-,-,-,-,-,-,-,-,-,(Tr),原材料配合割合から推計
15,15032,2094,＜和生菓子・和半生菓子類＞　まんじゅう　とうまんじゅう　こしあん入り,28.0,-,(0),-,(0),(0),-,-,(0),-,(0),-,-,(0),-,-,-,-,-,-,-,-,-,(0),原材料配合割合から推計
15,15037,2103,＜和生菓子・和半生菓子類＞　ゆべし,22.0,-,(0),-,(Tr),-,-,-,(0),-,-,-,-,(0),-,-,-,-,-,-,-,-,-,(Tr),原材料配合割合から推計
15,15044,2110,＜和干菓子類＞　おのろけ豆,3.0,-,-,-,-,-,(Tr),-,-,-,(Tr),-,-,(Tr),-,-,-,-,-,-,-,-,-,(0.1),原材料配合割合から推計
15,15052,2118,＜和干菓子類＞　小麦粉せんべい　南部せんべい　落花生入り,3.3,-,-,-,-,-,(Tr),-,-,-,(Tr),-,-,(Tr),-,-,-,-,-,-,-,-,-,(0.1),原材料配合割合から推計
15,15058,2123,＜和干菓子類＞　米菓　甘辛せんべい,4.5,-,(Tr),-,(Tr),-,-,-,(0),-,-,-,-,(0),-,-,-,-,-,-,-,-,-,(0.1),原材料配合割合から推計
15,15059,2124,＜和干菓子類＞　米菓　あられ,4.4,-,(Tr),-,(0.1),-,-,-,(0),-,-,-,-,(Tr),-,-,-,-,-,-,-,-,-,(0.1),原材料配合割合から推計
15,15060,2125,＜和干菓子類＞　米菓　しょうゆせんべい,5.9,-,(Tr),-,(0.1),-,-,-,(0),-,-,-,-,(0),-,-,-,-,-,-,-,-,-,(0.1),原材料配合割合から推計
15,15062,2127,＜和干菓子類＞　ボーロ　そばボーロ,2.0,-,-,-,-,(0),-,-,-,-,(0),-,-,-,-,-,-,-,-,-,-,-,-,(0),原材料配合割合から推計
15,15127,2139,＜菓子パン類＞　カレーパン　皮及び具,41.3,-,-,-,-,(Tr),(0),-,(0),(0),(Tr),-,-,(Tr),-,(0),(0),(0.9),-,(0),-,-,-,(0.1),"製品全体。部分割合：パン69、具31
15129具のみから推計"
15,15129,2141,＜菓子パン類＞　カレーパン　具のみ,64.5,-,-,-,-,Tr,Tr,-,0,Tr,0.1,-,-,0.1,-,0,0,2.8,-,0,-,-,-,0.3,
15,15070,2142,＜菓子パン類＞　クリームパン,35.5,-,-,-,-,-,-,-,-,-,-,-,-,(Tr),-,-,-,-,-,-,-,-,-,(Tr),原材料配合割合から推計
15,15130,2143,＜菓子パン類＞　クリームパン　薄皮タイプ,52.2,-,-,-,-,-,-,-,-,-,-,-,-,(0.1),-,-,-,-,-,-,-,-,-,(0.1),原材料配合割合から推計
15,15072,2145,＜菓子パン類＞　チョココロネ,33.5,-,(Tr),-,-,-,-,-,-,-,-,-,-,(0.1),-,-,-,-,-,-,-,-,-,(0.1),原材料配合割合から推計
15,15131,2146,＜菓子パン類＞　チョコパン　薄皮タイプ,35.0,-,(Tr),-,-,-,-,-,-,-,-,-,-,(0.1),-,-,-,-,-,-,-,-,-,(0.1),原材料配合割合から推計
15,15073,2149,＜ケーキ・ペストリー類＞　シュークリーム,56.3,-,-,-,-,-,-,-,-,-,-,-,-,(0.1),-,-,-,-,-,-,-,-,-,(0.1),原材料配合割合から推計
15,15075,2151,＜ケーキ・ペストリー類＞　ショートケーキ　果実なし,35.0,-,-,-,(0),-,-,-,-,-,-,-,-,(Tr),-,-,-,-,-,-,-,-,-,(Tr),原材料配合割合から推計
15,15133,2153,＜ケーキ・ペストリー類＞　タルト　（洋菓子）,50.3,-,-,-,(0),-,-,-,(0),-,(Tr),(0),-,(0.2),-,-,-,-,-,-,-,-,-,(0.3),原材料配合割合から推計
15,15134,2154,＜ケーキ・ペストリー類＞　チーズケーキ　ベイクドチーズケーキ,46.1,-,-,-,(0.2),-,-,-,-,-,(0),-,-,(0.3),-,-,-,-,-,-,-,-,-,(0.5),原材料配合割合から推計
15,15135,2155,＜ケーキ・ペストリー類＞　チーズケーキ　レアチーズケーキ,43.1,-,-,-,(0.2),-,-,-,-,-,(0),-,-,(0.3),-,-,-,-,-,-,-,-,-,(0.5),原材料配合割合から推計
15,15078,2168,＜ケーキ・ペストリー類＞　ドーナッツ　ケーキドーナッツ　プレーン,20.0,-,-,-,-,-,-,-,-,-,-,-,-,(Tr),-,-,-,-,-,-,-,-,-,(Tr),原材料配合割合から推計
15,15080,2173,＜ケーキ・ペストリー類＞　パイ　アップルパイ,45.0,-,-,-,-,-,-,-,-,-,(0.1),-,-,(0),-,-,-,-,-,-,-,-,-,(0.1),原材料配合割合から推計
15,15081,2174,＜ケーキ・ペストリー類＞　パイ　ミートパイ,36.2,-,-,-,-,-,(0),-,(0),(0),(Tr),-,-,(0),-,-,-,-,-,(0),-,-,-,(0.1),原材料配合割合から推計
15,15083,2176,＜ケーキ・ペストリー類＞　ホットケーキ,40.0,-,-,-,-,-,-,-,-,-,-,-,-,(0.1),-,-,-,-,-,-,-,-,-,(0.1),原材料配合割合から推計
15,15084,2177,＜ケーキ・ペストリー類＞　ワッフル　カスタードクリーム入り,45.9,-,-,-,-,-,-,-,-,-,-,-,-,(0.1),-,-,-,-,-,-,-,-,-,(0.1),原材料配合割合から推計
15,15085,2178,＜ケーキ・ペストリー類＞　ワッフル　ジャム入り,33.0,-,-,-,-,-,-,-,-,-,-,-,-,(Tr),-,-,-,-,-,-,-,-,-,(Tr),原材料配合割合から推計
15,15086,2179,＜デザート菓子類＞　カスタードプリン,74.1,-,-,-,-,-,-,-,-,-,-,-,-,(0.1),-,-,-,-,-,-,-,-,-,(0.1),原材料配合割合から推計
15,15136,2180,＜デザート菓子類＞　牛乳寒天,85.2,-,-,-,-,-,-,-,-,-,-,-,-,(0.1),-,-,-,-,-,-,-,-,-,(0.1),原材料配合割合から推計
15,15087,2182,＜デザート菓子類＞　ゼリー　オレンジ,77.6,-,-,-,-,-,-,-,-,-,(0.1),-,-,(0.9),-,-,-,-,-,(0),-,-,-,(1.0),原材料配合割合から推計
15,15089,2184,＜デザート菓子類＞　ゼリー　ミルク,76.8,-,-,-,-,-,-,-,-,-,-,-,-,(0.1),-,-,-,-,-,-,-,-,-,(0.1),原材料配合割合から推計
15,15090,2185,＜デザート菓子類＞　ゼリー　ワイン,84.1,-,-,-,(Tr),-,-,-,(Tr),-,-,(Tr),-,-,-,-,-,-,-,-,-,-,-,(Tr),原材料配合割合から推計
15,15091,2186,＜デザート菓子類＞　ババロア,60.9,-,-,-,(0),-,-,-,-,-,-,-,-,(0.1),-,-,-,-,-,-,-,-,-,(0.1),原材料配合割合から推計
15,15092,2187,＜ビスケット類＞　ウエハース,2.1,-,-,-,-,-,-,-,-,-,-,-,-,(Tr),-,-,-,-,-,-,-,-,-,(Tr),原材料配合割合から推計
15,15098,2194,＜ビスケット類＞　ビスケット　ソフトビスケット,3.2,-,-,-,-,-,-,-,-,-,-,-,-,(Tr),-,-,-,-,-,-,-,-,-,(Tr),原材料配合割合から推計
15,15100,2197,＜ビスケット類＞　ロシアケーキ,4.0,-,-,-,-,-,-,-,-,-,-,-,-,0,-,-,-,-,-,-,-,-,-,0,
15,15112,2208,＜キャンデー類＞　ブリットル,1.5,-,-,-,-,-,(0.1),-,-,-,(Tr),-,-,(0.1),-,-,-,-,-,-,-,-,-,(0.2),原材料配合割合から推計
15,15137,2211,＜チョコレート類＞　アーモンドチョコレート,2.0,-,0.1,-,-,-,-,-,-,-,-,-,-,0.1,-,-,-,-,-,-,-,-,-,0.2,
15,15114,2212,＜チョコレート類＞　カバーリングチョコレート,2.0,-,0.1,-,-,-,-,-,-,-,-,-,-,0.1,-,-,-,-,-,-,-,-,-,0.2,
15,15186,2212-1,＜チョコレート類＞　スイートチョコレート,0.6,-,-,-,-,-,-,-,-,-,0.5,-,-,2.3,-,-,-,-,0,-,-,-,-,2.8,
15,15187,2212-2,＜チョコレート類＞　スイートチョコレート　カカオ増量,0.9,-,-,-,-,-,-,-,-,-,0.2,0.4,-,Tr,-,-,-,-,-,-,-,-,-,0.6,
15,15116,2214,＜チョコレート類＞　ミルクチョコレート,0.5,-,(0.2),-,-,-,-,-,-,-,-,-,-,(0.1),-,-,-,-,-,-,-,-,-,(0.3),原材料配合割合から推計
15,15138,2219,＜その他＞　カスタードクリーム,61.8,-,-,-,-,-,-,-,-,-,-,-,-,(0.1),-,-,-,-,-,-,-,-,-,(0.1),原材料配合割合から推計
16,16006,2228,＜アルコール飲料類＞　（醸造酒類）　ビール　淡色,92.8,-,-,0,Tr,0,0,-,0,0,0,-,-,Tr,-,-,-,-,-,-,-,-,-,0.1,
16,16010,2232,＜アルコール飲料類＞　（醸造酒類）　ぶどう酒　白,88.6,-,-,-,(0.1),-,-,-,(0.1),-,(0.2),(0.2),-,-,-,-,-,-,-,-,-,-,-,(0.6),豪州成分表から推計
16,16011,2233,＜アルコール飲料類＞　（醸造酒類）　ぶどう酒　赤,88.7,-,-,-,(0.2),-,-,-,(0.2),-,-,(0.2),-,-,-,-,-,-,-,-,-,-,-,(0.5),豪州成分表から推計
16,16012,2234,＜アルコール飲料類＞　（醸造酒類）　ぶどう酒　ロゼ,87.4,-,-,-,-,-,-,-,(0.1),-,(0.2),(0.3),-,-,-,-,-,-,-,-,-,-,-,(0.6),豪州成分表から推計
16,16029,2252,＜アルコール飲料類＞　（混成酒類）　スイートワイン,75.2,-,(0.1),-,-,-,-,-,-,-,(0.2),(0.1),-,-,-,-,-,-,-,-,-,-,-,(0.4),豪州成分表から推計
16,16059,2256,＜アルコール飲料類＞　（混成酒類）　缶チューハイ　レモン風味,91.4,-,-,-,-,-,-,-,-,-,0,-,-,0.3,-,-,-,0,-,-,-,-,-,0.3,
16,16048,2272,＜コーヒー・ココア類＞　ココア　ピュアココア,4.0,-,-,-,-,-,0.7,-,-,-,-,-,-,-,-,-,-,-,-,-,-,-,-,0.7,
17,17001,2284,＜調味料類＞　（ウスターソース類）　ウスターソース,61.3,-,1.5,-,-,-,-,-,-,-,0,-,-,0.1,-,-,-,-,-,-,-,-,-,1.5,
17,17002,2285,＜調味料類＞　（ウスターソース類）　中濃ソース,60.9,-,1.1,-,-,-,-,-,-,-,Tr,-,-,0.1,-,-,-,-,-,-,-,-,-,1.3,
17,17003,2286,＜調味料類＞　（ウスターソース類）　濃厚ソース,60.7,-,(1.1),-,-,-,-,-,-,-,(Tr),-,-,(0.1),-,-,-,-,-,-,-,-,-,(1.3),17002中濃ソースから推計
17,17085,2287,＜調味料類＞　（ウスターソース類）　お好み焼きソース,58.1,-,0.7,-,-,-,-,-,-,-,0,-,-,0.1,-,-,-,-,-,-,-,-,-,0.8,
17,17007,2291,＜調味料類＞　（しょうゆ類）　こいくちしょうゆ,67.1,-,0.1,-,0.6,-,-,-,Tr,-,-,-,-,0.1,-,-,-,-,-,-,-,-,-,0.9,
17,17086,2292,＜調味料類＞　（しょうゆ類）　こいくちしょうゆ　減塩,74.4,-,(0.1),-,(0.5),-,-,-,(Tr),-,-,-,-,(0.1),-,-,-,-,-,-,-,-,-,(0.7),17007こいくちしょうゆから推計
17,17008,2293,＜調味料類＞　（しょうゆ類）　うすくちしょうゆ,69.7,-,0.1,-,0.4,-,-,-,Tr,-,-,-,-,0.1,-,-,-,-,-,-,-,-,-,0.5,
17,17139,2294,＜調味料類＞　（しょうゆ類）　うすくちしょうゆ　低塩,70.9,-,0.2,-,0.5,-,-,-,Tr,-,-,-,-,0.1,-,-,-,-,-,-,-,-,-,0.8,
17,17010,2296,＜調味料類＞　（しょうゆ類）　さいしこみしょうゆ,60.7,-,(0.2),-,(0.7),-,-,-,(Tr),-,-,-,-,(0.1),-,-,-,-,-,-,-,-,-,(1.1),17007こいくちしょうゆから推計
17,17011,2297,＜調味料類＞　（しょうゆ類）　しろしょうゆ,63.0,-,(0.2),-,(0.7),-,-,-,(Tr),-,-,-,-,(0.1),-,-,-,-,-,-,-,-,-,(1.0),17007こいくちしょうゆから推計
17,17087,2298,＜調味料類＞　（しょうゆ類）　だししょうゆ,83.2,-,(0.1),-,(0.3),-,-,-,(Tr),-,-,-,-,(Tr),-,-,-,-,-,-,-,-,-,(0.4),原材料配合割合から推計
17,17088,2299,＜調味料類＞　（しょうゆ類）　照りしょうゆ,55.0,-,(Tr),-,(0.1),-,-,-,(0),-,-,-,-,(Tr),-,-,-,-,-,-,-,-,-,(0.1),原材料配合割合から推計
17,17090,2306,＜調味料類＞　（食酢類）　黒酢,85.7,-,4.0,-,-,-,-,-,-,-,-,-,-,-,-,-,-,-,-,-,-,-,-,4.0,
17,17015,2307,＜調味料類＞　（食酢類）　穀物酢,93.3,-,4.2,-,-,-,-,-,-,-,-,-,-,-,-,-,-,-,-,-,-,-,-,4.2,
17,17016,2308,＜調味料類＞　（食酢類）　米酢,87.9,-,4.4,-,-,-,-,-,-,-,-,-,-,-,-,-,-,-,-,-,-,-,-,4.4,
17,17091,2309,＜調味料類＞　（食酢類）　果実酢　バルサミコ酢,74.2,-,5.6,-,-,-,-,-,-,-,-,-,-,-,-,-,-,-,-,-,-,-,-,5.6,
17,17017,2310,＜調味料類＞　（食酢類）　果実酢　ぶどう酢,93.7,-,4.8,-,-,-,-,-,-,-,-,-,-,-,-,-,-,-,-,-,-,-,-,4.8,
17,17018,2311,＜調味料類＞　（食酢類）　果実酢　りんご酢,92.6,-,4.7,-,-,-,-,-,-,-,-,-,-,-,-,-,-,-,-,-,-,-,-,4.7,
17,17092,2325,＜調味料類＞　（だし類）　顆粒おでん用,0.9,-,(Tr),-,(0.2),-,-,-,(Tr),-,-,-,-,(Tr),-,-,-,-,-,-,-,-,-,(0.3),原材料配合割合から推計
17,17094,2334,＜調味料類＞　（調味ソース類）　甘酢,67.2,-,(3.1),-,-,-,-,-,-,-,-,-,-,-,-,-,-,-,-,-,-,-,-,(3.1),原材料配合割合から推計
17,17095,2335,＜調味料類＞　（調味ソース類）　エビチリの素,85.8,-,(0.1),-,-,-,-,-,-,-,(0),-,-,(0.1),-,-,-,-,-,-,-,-,-,(0.1),原材料配合割合から推計
17,17096,2337,＜調味料類＞　（調味ソース類）　黄身酢,52.6,-,(1.6),-,-,-,-,-,-,-,-,-,-,-,-,-,-,-,-,-,-,-,-,(1.6),原材料配合割合から推計
17,17133,2338,＜調味料類＞　（調味ソース類）　魚醤油　いかなごしょうゆ,63.0,Tr,0.2,0,0.3,0,0,0,0.1,0,0,0,0,0,0,0,0,0,0,0,0,0.4,-,0.9,ピルビン酸： 0 g
17,17134,2339,＜調味料類＞　（調味ソース類）　魚醤油　いしる　（いしり）,61.2,Tr,Tr,0,0.1,0,0,0,0,0,0,0,0,0,0,0,0,0,0,0,0,0.3,-,0.4,ピルビン酸： Tr
17,17135,2340,＜調味料類＞　（調味ソース類）　魚醤油　しょっつる,69.4,0,Tr,0,0.2,0,0,0,0,0,0,0,0,0,0,0,0,0,0,0,0,0.2,-,0.4,ピルビン酸： 0 g
17,17097,2342,＜調味料類＞　（調味ソース類）　ごま酢,53.2,-,(1.9),-,(0.1),-,-,-,(0),-,-,-,-,(Tr),-,-,-,-,-,-,-,-,-,(1.9),原材料配合割合から推計
17,17098,2343,＜調味料類＞　（調味ソース類）　ごまだれ,40.7,-,(1.0),-,(0.1),-,-,-,(0),-,-,-,-,(Tr),-,-,-,-,-,-,-,-,-,(1.1),原材料配合割合から推計
17,17099,2344,＜調味料類＞　（調味ソース類）　三杯酢,76.2,-,(3.0),-,(Tr),-,-,-,(0),-,-,-,-,(0),-,-,-,-,-,-,-,-,-,(3.0),原材料配合割合から推計
17,17100,2345,＜調味料類＞　（調味ソース類）　二杯酢,78.7,-,(2.5),-,(0.3),-,-,-,(Tr),-,-,-,-,(Tr),-,-,-,-,-,-,-,-,-,(2.8),原材料配合割合から推計
17,17101,2346,＜調味料類＞　（調味ソース類）　すし酢　ちらし・稲荷用,55.5,-,(2.9),-,-,-,-,-,-,-,-,-,-,-,-,-,-,-,-,-,-,-,-,(2.9),原材料配合割合から推計
17,17102,2347,＜調味料類＞　（調味ソース類）　すし酢　にぎり用,72.0,-,(3.6),-,-,-,-,-,-,-,-,-,-,-,-,-,-,-,-,-,-,-,-,(3.6),原材料配合割合から推計
17,17103,2348,＜調味料類＞　（調味ソース類）　すし酢　巻き寿司・箱寿司用,64.1,-,(3.2),-,-,-,-,-,-,-,-,-,-,-,-,-,-,-,-,-,-,-,-,(3.2),原材料配合割合から推計
17,17104,2349,＜調味料類＞　（調味ソース類）　中華風合わせ酢,60.5,-,(1.7),-,(0.2),-,-,-,(Tr),-,(0),-,-,(Tr),-,-,-,-,-,-,-,-,-,(2.0),原材料配合割合から推計
17,17108,2352,＜調味料類＞　（調味ソース類）　冷やし中華のたれ,67.1,-,0.9,-,0.2,-,-,-,Tr,-,-,-,-,-,-,-,-,-,-,-,-,-,-,1.1,
17,17137,2355,＜調味料類＞　（調味ソース類）　ぽん酢しょうゆ　市販品,77.0,-,0.8,-,0.1,-,-,-,Tr,-,-,-,-,0.8,-,-,-,-,-,-,-,-,-,1.8,
17,17111,2357,＜調味料類＞　（調味ソース類）　マリネ液,83.9,-,(1.3),-,(Tr),-,-,-,(Tr),-,(0.1),(0.1),-,-,-,-,-,-,-,-,-,-,-,(1.4),原材料配合割合から推計
17,17144,2359,＜調味料類＞　（調味ソース類）　焼きそば粉末ソース,0.1,-,1.0,-,Tr,-,-,-,0.1,-,0.6,-,-,0.3,-,-,-,-,-,-,-,-,-,2.0,
17,17112,2360,＜調味料類＞　（調味ソース類）　焼き鳥のたれ,61.4,-,(Tr),-,(0.2),-,-,-,(Tr),-,-,-,-,(Tr),-,-,-,-,-,-,-,-,-,(0.3),原材料配合割合から推計
17,17113,2361,＜調味料類＞　（調味ソース類）　焼き肉のたれ,52.4,-,(0.1),-,(0.3),-,-,-,(Tr),-,(0.1),-,-,(Tr),-,-,-,-,-,-,-,-,-,(0.5),原材料配合割合から推計
17,17114,2362,＜調味料類＞　（調味ソース類）　みたらしのたれ,66.3,-,(Tr),-,(0.1),-,-,-,(0),-,-,-,-,(0),-,-,-,-,-,-,-,-,-,(0.1),原材料配合割合から推計
17,17036,2366,＜調味料類＞　（トマト加工品類）　トマトケチャップ,66.0,-,0.7,-,-,-,-,-,-,-,-,-,-,0.4,-,-,-,-,-,-,-,-,-,1.2,
17,17042,2369,＜調味料類＞　（ドレッシング類）　半固形状ドレッシング　マヨネーズ　全卵型,16.6,-,0.5,-,-,-,-,-,-,-,-,-,-,-,-,-,-,-,-,-,-,-,-,0.5,
17,17043,2370,＜調味料類＞　（ドレッシング類）　半固形状ドレッシング　マヨネーズ　卵黄型,19.7,-,0.5,-,-,-,-,-,-,-,-,-,-,-,-,-,-,-,-,-,-,-,-,0.5,
17,17118,2371,＜調味料類＞　（ドレッシング類）　半固形状ドレッシング　マヨネーズタイプ調味料　低カロリータイプ,60.9,-,0.6,-,-,-,-,-,-,-,-,-,-,Tr,-,-,-,0.2,-,-,-,-,-,0.7,
17,17040,2372,＜調味料類＞　（ドレッシング類）　分離液状ドレッシング　フレンチドレッシング　分離液状,47.8,-,(1.9),-,-,-,-,-,-,-,-,-,-,-,-,-,-,-,-,-,-,-,-,(1.9),原材料配合割合から推計
17,17116,2373,＜調味料類＞　（ドレッシング類）　分離液状ドレッシング　和風ドレッシング　分離液状,69.4,-,(0.6),-,(0.1),-,-,-,(0),-,-,-,-,(Tr),-,-,-,-,-,-,-,-,-,(0.7),原材料配合割合から推計
17,17117,2375,＜調味料類＞　（ドレッシング類）　乳化液状ドレッシング　ごまドレッシング,38.1,-,(0.7),-,(0.1),-,-,-,(0),-,-,-,-,(Tr),-,-,-,-,-,-,-,-,-,(0.8),原材料配合割合から推計
17,17041,2376,＜調味料類＞　（ドレッシング類）　乳化液状ドレッシング　サウザンアイランドドレッシング,44.1,-,(0.5),-,-,-,-,-,-,-,(0),-,-,(0.2),-,-,-,-,-,-,-,-,-,(0.6),原材料配合割合から推計
17,17120,2381,＜調味料類＞　（みそ類）　米みそ　だし入りみそ,49.9,-,-,-,0.1,-,-,-,-,-,-,-,-,-,-,-,-,-,-,-,-,-,-,0.1,
17,17145,2382,＜調味料類＞　（みそ類）　米みそ　だし入りみそ　減塩,52.5,-,Tr,-,Tr,-,-,-,Tr,-,-,-,-,0.3,-,-,-,-,-,-,-,-,-,0.4,
17,17119,2385,＜調味料類＞　（みそ類）　減塩みそ,46.0,-,-,-,0.2,-,-,-,-,-,-,-,-,-,-,-,-,-,-,-,-,-,-,0.2,
17,17121,2388,＜調味料類＞　（みそ類）　辛子酢みそ,43.6,-,(1.0),-,-,-,-,-,-,-,-,-,-,-,-,-,-,-,-,-,-,-,-,(1.0),原材料配合割合から推計
17,17123,2390,＜調味料類＞　（みそ類）　酢みそ,44.2,-,(1.1),-,-,-,-,-,-,-,-,-,-,-,-,-,-,-,-,-,-,-,-,(1.1),原材料配合割合から推計
17,17051,2392,＜調味料類＞　（ルウ類）　カレールウ,3.0,-,Tr,-,Tr,-,-,-,Tr,-,0.1,-,-,0.2,-,-,-,-,-,-,-,-,-,0.4,
17,17125,2394,＜調味料類＞　（その他）　お茶漬けの素　さけ,2.9,-,-,-,-,-,(0),-,-,-,-,-,-,(0),-,-,-,-,-,-,-,-,-,(0),原材料配合割合から推計
17,17136,2395,＜調味料類＞　（その他）　キムチの素,58.2,0,0.2,-,0.3,-,0,-,Tr,-,0.1,-,-,0.4,-,-,-,-,-,-,-,-,-,1.1,
17,17126,2397,＜調味料類＞　（その他）　即席すまし汁,2.8,-,(Tr),-,(0.2),-,-,-,(Tr),-,-,-,-,(Tr),-,-,-,-,-,-,-,-,-,(0.3),原材料配合割合から推計
17,17054,2399,＜調味料類＞　（その他）　みりん風調味料,43.6,-,0.1,-,0,0,-,-,0,-,0,-,-,Tr,-,-,-,-,-,-,-,-,-,0.1,
17,17069,2415,＜香辛料類＞　しょうが　おろし,88.2,-,-,-,-,-,-,-,-,-,(0.1),-,-,(0.1),-,-,-,-,-,-,-,-,-,(0.2),食塩相当量(1.5g）を除いた上で06103しょうが生から推計
18,18053,2446-1,和風料理　その他　お好み焼き,71.8,-,Tr,-,Tr,-,-,-,-,-,0.1,-,-,Tr,-,-,-,-,-,-,-,-,-,0.1,
18,18054,2446-2,和風料理　その他　とりから揚げ,55.8,-,-,-,0.3,-,-,-,-,-,0,-,-,Tr,-,-,-,-,-,-,-,-,-,0.3,
18,18055,2464-1,洋風料理　フライ類　かきフライ,46.3,-,-,-,0,-,-,-,Tr,-,Tr,-,-,Tr,-,-,-,-,-,-,-,-,-,0.1,
18,18056,2477-1,中国料理　点心類　春巻き,42.8,-,Tr,-,Tr,-,-,-,-,-,Tr,-,-,0.1,-,-,-,-,-,-,-,-,-,0.2,
18,18057,2478-1,中国料理　菜類　チャーハン,55.1,-,0,-,Tr,-,-,-,-,-,0,-,-,Tr,-,-,-,-,-,-,-,-,-,0.1,