category,food_id,id,name,WATER,FIBSOL,FIBINS,FIBTG,FIB-SDFS,FIB-SDFP,FIB-IDF,STARES,FIB-TDF,
01,01001,0001,アマランサス　玄穀,13.5,1.1,6.3,7.4,-,-,-,-,-,
01,01002,0002,あわ　精白粒,13.3,0.4,2.9,3.3,-,-,-,-,-,
01,01003,0003,あわ　あわもち,48.0,0,1.5,1.5,-,-,-,-,-,
01,01004,0004,えんばく　オートミール,10.0,3.2,6.2,9.4,-,-,-,-,-,
01,01005,0005,おおむぎ　七分つき押麦,14.0,6.3,4.0,10.3,-,-,-,-,-,
01,01006,0006,おおむぎ　押麦　乾,12.7,4.3,3.6,7.9,2.4,4.3,5.5,0.4,12.2,
01,01170,0007,おおむぎ　押麦　めし,68.6,-,-,-,0.6,1.5,2.1,0.5,4.2,
01,01007,0008,おおむぎ　米粒麦,14.0,6.0,2.7,8.7,-,-,-,-,-,
01,01008,0009,おおむぎ　大麦めん　乾,14.0,3.6,2.7,6.3,-,-,-,-,-,
01,01009,0010,おおむぎ　大麦めん　ゆで,70.0,1.2,1.3,2.5,-,-,-,-,-,
01,01010,0011,おおむぎ　麦こがし,3.5,5.2,10.3,15.5,-,-,-,-,-,
01,01167,0012,キヌア　玄穀,12.2,1.5,4.7,6.2,-,-,-,-,-,
01,01011,0013,きび　精白粒,13.8,Tr,1.6,1.6,-,-,-,-,-,
01,01012,0014,こむぎ　［玄穀］　国産　普通,12.5,0.5,10.0,10.5,3.3,1.8,8.9,0.4,14.0,
01,01013,0015,こむぎ　［玄穀］　輸入　軟質,10.0,1.4,9.8,11.2,-,-,-,-,-,
01,01014,0016,こむぎ　［玄穀］　輸入　硬質,13.0,1.5,9.9,11.4,-,-,-,-,-,
01,01015,0017,こむぎ　［小麦粉］　薄力粉　1等,14.0,1.2,1.3,2.5,-,-,-,-,-,
01,01016,0018,こむぎ　［小麦粉］　薄力粉　2等,14.0,1.1,1.5,2.6,-,-,-,-,-,
01,01018,0019,こむぎ　［小麦粉］　中力粉　1等,14.0,1.2,1.6,2.8,-,-,-,-,-,
01,01019,0020,こむぎ　［小麦粉］　中力粉　2等,14.0,0.9,1.2,2.1,-,-,-,-,-,
01,01020,0021,こむぎ　［小麦粉］　強力粉　1等,14.5,1.2,1.5,2.7,-,-,-,-,-,
01,01021,0022,こむぎ　［小麦粉］　強力粉　2等,14.5,0.9,1.2,2.1,-,-,-,-,-,
01,01023,0023,こむぎ　［小麦粉］　強力粉　全粒粉,14.5,1.5,9.7,11.2,-,-,-,-,-,
01,01146,0024,こむぎ　［小麦粉］　プレミックス粉　お好み焼き用,9.8,1.7,1.1,2.8,-,-,-,-,-,
01,01024,0025,こむぎ　［小麦粉］　プレミックス粉　ホットケーキ用,11.1,0.9,1.0,1.8,-,-,-,-,-,
01,01147,0026,こむぎ　［小麦粉］　プレミックス粉　から揚げ用,8.3,1.4,1.2,2.6,-,-,-,-,-,
01,01025,0027,こむぎ　［小麦粉］　プレミックス粉　天ぷら用,12.4,1.5,1.0,2.5,-,-,-,-,-,
01,01171,0028,こむぎ　［小麦粉］　プレミックス粉　天ぷら用　バッター,65.5,0.6,0.4,1.0,0.7,0.7,0.5,0.3,1.9,
01,01172,0029,こむぎ　［小麦粉］　プレミックス粉　天ぷら用　バッター　揚げ,10.2,-,-,-,1.5,0.6,1.2,0.3,3.3,
01,01026,0030,こむぎ　［パン類］　角形食パン　食パン,39.2,0.4,1.9,2.2,1.0,0.9,2.3,1.1,4.2,
01,01174,0031,こむぎ　［パン類］　角形食パン　焼き,33.6,-,-,-,1.2,0.9,2.5,1.4,4.6,
01,01175,0032,こむぎ　［パン類］　角形食パン　耳を除いたもの,44.2,-,-,-,0.9,0.9,2.0,1.2,3.8,
01,01176,0033,こむぎ　［パン類］　角形食パン　耳,33.5,-,-,-,(1.1),(0.9),(2.7),(0.9),(4.7),
01,01206,0034,こむぎ　［パン類］　食パン　リーンタイプ,39.2,(0.8),(1.2),(2.0),-,-,-,-,-,
01,01207,0035,こむぎ　［パン類］　食パン　リッチタイプ,39.2,(0.7),(1.0),(1.7),-,-,-,-,-,
01,01205,0036,こむぎ　［パン類］　山形食パン　食パン,39.2,(0.8),(1.1),(1.8),-,-,-,-,-,
01,01028,0037,こむぎ　［パン類］　コッペパン,30.6,1.1,1.1,2.2,1.6,1.3,1.0,0.6,3.9,
01,01213,0037-1,こむぎ　［パン類］　バンズ,32.9,-,-,-,1.3,1.2,1.8,0.5,4.2,
01,01030,0038,こむぎ　［パン類］　乾パン,5.5,1.8,1.3,3.1,-,-,-,-,-,
01,01031,0039,こむぎ　［パン類］　フランスパン,30.0,1.2,1.5,2.7,-,-,-,-,-,
01,01032,0040,こむぎ　［パン類］　ライ麦パン,35.0,2.0,3.6,5.6,-,-,-,-,-,
01,01208,0041,こむぎ　［パン類］　全粒粉パン,39.2,0.9,3.6,4.5,-,-,-,-,-,
01,01033,0042,こむぎ　［パン類］　ぶどうパン,35.7,0.9,1.3,2.2,-,-,-,-,-,
01,01034,0043,こむぎ　［パン類］　ロールパン,30.7,1.0,1.0,2.0,-,-,-,-,-,
01,01209,0044,こむぎ　［パン類］　クロワッサン　レギュラータイプ,20.0,(0.7),(1.2),(1.9),-,-,-,-,-,
01,01035,0045,こむぎ　［パン類］　クロワッサン　リッチタイプ,20.0,0.9,0.9,1.8,-,-,-,-,-,
01,01210,0046,こむぎ　［パン類］　くるみパン,39.2,(0.6),(1.7),(2.4),-,-,-,-,-,
01,01036,0047,こむぎ　［パン類］　イングリッシュマフィン,46.0,0.2,1.0,1.2,-,-,-,-,-,
01,01037,0048,こむぎ　［パン類］　ナン,37.2,0.8,1.2,2.0,-,-,-,-,-,
01,01148,0049,こむぎ　［パン類］　ベーグル,32.3,1.2,1.3,2.5,-,-,-,-,-,
01,01038,0050,こむぎ　［うどん・そうめん類］　うどん　生,33.5,-,-,-,1.7,1.1,0.8,0.3,3.6,
01,01039,0051,こむぎ　［うどん・そうめん類］　うどん　ゆで,75.0,-,-,-,0.6,0.4,0.3,0.1,1.3,
01,01186,0052,こむぎ　［うどん・そうめん類］　うどん　半生うどん,23.8,0.5,0.8,1.3,1.9,1.3,0.9,0.4,4.1,
01,01041,0053,こむぎ　［うどん・そうめん類］　干しうどん　乾,13.5,0.6,1.8,2.4,-,-,-,-,-,
01,01042,0054,こむぎ　［うどん・そうめん類］　干しうどん　ゆで,70.0,0.3,0.4,0.7,-,-,-,-,-,
01,01043,0055,こむぎ　［うどん・そうめん類］　そうめん・ひやむぎ　乾,12.5,0.7,1.8,2.5,-,-,-,-,-,
01,01044,0056,こむぎ　［うどん・そうめん類］　そうめん・ひやむぎ　ゆで,70.0,0.3,0.6,0.9,-,-,-,-,-,
01,01045,0057,こむぎ　［うどん・そうめん類］　手延そうめん・手延ひやむぎ　乾,14.0,1.2,0.6,1.8,-,-,-,-,-,
01,01046,0058,こむぎ　［うどん・そうめん類］　手延そうめん・手延ひやむぎ　ゆで,70.0,0.5,0.5,1.0,-,-,-,-,-,
01,01047,0059,こむぎ　［中華めん類］　中華めん　生,33.0,-,-,-,2.8,1.6,1.0,0.4,5.4,
01,01048,0060,こむぎ　［中華めん類］　中華めん　ゆで,65.0,-,-,-,1.5,0.9,0.5,0.2,2.8,
01,01187,0061,こむぎ　［中華めん類］　半生中華めん　,23.7,0.8,1.6,2.4,3.2,1.9,1.1,0.5,6.2,
01,01049,0062,こむぎ　［中華めん類］　蒸し中華めん　蒸し中華めん,57.4,0.7,1.1,1.7,1.1,0.7,1.3,0.8,3.1,
01,01188,0063,こむぎ　［中華めん類］　蒸し中華めん  ソテー,50.4,-,-,-,1.3,0.8,1.5,0.8,3.6,
01,01050,0064,こむぎ　［中華めん類］　干し中華めん　乾,14.7,1.6,1.3,2.9,2.6,1.9,1.4,0.3,6.0,
01,01051,0065,こむぎ　［中華めん類］　干し中華めん　ゆで,66.8,0.7,0.9,1.6,1.0,0.6,1.0,0.5,2.6,
01,01052,0066,こむぎ　［中華めん類］　沖縄そば　生,32.3,1.3,0.8,2.1,-,-,-,-,-,
01,01053,0067,こむぎ　［中華めん類］　沖縄そば　ゆで,65.5,0.8,0.7,1.5,-,-,-,-,-,
01,01054,0068,こむぎ　［中華めん類］　干し沖縄そば　乾,13.7,1.3,0.8,2.1,-,-,-,-,-,
01,01055,0069,こむぎ　［中華めん類］　干し沖縄そば　ゆで,65.0,0.6,0.9,1.5,-,-,-,-,-,
01,01056,0070,こむぎ　［即席めん類］　即席中華めん　油揚げ味付け,2.0,1.6,0.9,2.5,-,-,-,-,-,
01,01057,0071,こむぎ　［即席めん類］　即席中華めん　油揚げ　乾　（添付調味料等を含むもの）,3.0,1.4,1.0,2.4,-,-,-,-,-,
01,01198,0072,こむぎ　［即席めん類］　即席中華めん　油揚げ　調理後全体　（添付調味料等を含むもの）,78.5,(0.3),(0.2),(0.5),-,-,-,-,-,01057即席中華めん、油揚げ、乾より推計
01,01189,0073,こむぎ　［即席めん類］　即席中華めん　油揚げ　ゆで　（添付調味料等を含まないもの）,59.8,-,-,-,0.9,0.7,1.1,0.5,2.6,
01,01144,0074,こむぎ　［即席めん類］　即席中華めん　油揚げ　乾　（添付調味料等を含まないもの）,3.7,-,-,-,2.0,1.6,1.9,0.9,5.5,
01,01058,0075,こむぎ　［即席めん類］　即席中華めん　非油揚げ　乾　（添付調味料等を含むもの）,10.0,1.4,0.9,2.3,-,-,-,-,-,
01,01199,0076,こむぎ　［即席めん類］　即席中華めん　非油揚げ　調理後全体　（添付調味料等を含むもの）,76.2,(0.3),(0.3),(0.6),-,-,-,-,-,01058即席中華めん、非油揚げ、乾より推計
01,01190,0077,こむぎ　［即席めん類］　即席中華めん　非油揚げ　ゆで　（添付調味料等を含まないもの）,63.9,-,-,-,1.0,0.5,1.2,0.6,2.7,
01,01145,0078,こむぎ　［即席めん類］　即席中華めん　非油揚げ　乾　（添付調味料等を含まないもの）,10.7,-,-,-,2.6,1.8,2.1,0.8,6.5,
01,01193,0079,こむぎ　［即席めん類］　中華スタイル即席カップめん　油揚げ　塩味　乾　（添付調味料等を含むもの）,5.3,-,-,-,3.0,1.3,1.6,0.5,5.8,
01,01201,0080,こむぎ　［即席めん類］　中華スタイル即席カップめん　油揚げ　塩味　調理後全体　（添付調味料等を含むもの）,79.8,-,-,-,(0.7),(0.3),(0.4),(0.1),(1.3),01193中華スタイル即席カップめん、油揚げ、塩味、乾より推計
01,01194,0081,こむぎ　［即席めん類］　中華スタイル即席カップめん　油揚げ　塩味　調理後のめん　（スープを残したもの）,62.0,-,-,-,0.8,0.6,0.8,0.4,2.2,
01,01191,0082,こむぎ　［即席めん類］　中華スタイル即席カップめん　油揚げ　しょうゆ味　乾　（添付調味料等を含むもの）,9.7,-,-,-,3.1,1.5,1.5,0.5,6.1,
01,01200,0083,こむぎ　［即席めん類］　中華スタイル即席カップめん　油揚げ　しょうゆ味　調理後全体　（添付調味料等を含むもの）,80.8,-,-,-,(0.7),(0.4),(0.4),(0.1),(1.4),01191中華スタイル即席カップめん、油揚げ、しょうゆ味、乾より推計
01,01192,0084,こむぎ　［即席めん類］　中華スタイル即席カップめん　油揚げ　しょうゆ味　調理後のめん　（スープを残したもの）,69.1,-,-,-,0.8,0.5,0.7,0.3,1.9,
01,01060,0085,こむぎ　［即席めん類］　中華スタイル即席カップめん　油揚げ　焼きそば　乾　（添付調味料等を含むもの）,11.1,1.1,1.1,2.2,2.4,1.4,1.9,0.4,5.7,
01,01202,0086,こむぎ　［即席めん類］　中華スタイル即席カップめん　油揚げ　焼きそば　調理後全体　（添付調味料等を含むもの）,53.6,-,-,-,(1.4),(0.8),(1.1),(0.2),(3.3),01060中華スタイル即席カップめん、油揚げ、焼きそば、乾より推計
01,01061,0087,こむぎ　［即席めん類］　中華スタイル即席カップめん　非油揚げ　乾　（添付調味料等を含むもの）,15.2,1.6,1.1,2.7,2.2,2.2,2.0,0.5,6.4,
01,01203,0088,こむぎ　［即席めん類］　中華スタイル即席カップめん　非油揚げ　調理後全体　（添付調味料等を含むもの）,83.5,-,-,-,(0.5),(0.5),(0.5),(0.1),(1.5),01061中華スタイル即席カップめん、非油揚げ、乾より推計
01,01195,0089,こむぎ　［即席めん類］　中華スタイル即席カップめん　非油揚げ　調理後のめん　（スープを残したもの）,68.8,-,-,-,0.6,0.5,1.3,0.4,2.5,
01,01062,0090,こむぎ　［即席めん類］　和風スタイル即席カップめん　油揚げ　乾　（添付調味料等を含むもの）,6.2,1.3,0.6,1.9,2.6,2.0,1.4,0.4,6.0,
01,01204,0091,こむぎ　［即席めん類］　和風スタイル即席カップめん　油揚げ　調理後全体　（添付調味料等を含むもの）,80.5,-,-,-,(0.6),(0.5),(0.3),(0.1),(1.4),01062和風スタイル即席カップめん、油揚げ、乾より推計
01,01196,0092,こむぎ　［即席めん類］　和風スタイル即席カップめん　油揚げ　調理後のめん　（スープを残したもの）,64.4,-,-,-,0.9,0.7,0.9,0.4,2.4,
01,01063,0093,こむぎ　［マカロニ・スパゲッティ類］　マカロニ・スパゲッティ　乾,11.3,1.4,1.6,3.0,1.6,1.9,2.0,0.2,5.4,
01,01064,0094,こむぎ　［マカロニ・スパゲッティ類］　マカロニ・スパゲッティ　ゆで,60.0,0.5,1.2,1.7,0.6,0.8,1.7,0.4,3.0,
01,01173,0095,こむぎ　［マカロニ・スパゲッティ類］　マカロニ・スパゲッティ　ソテー,57.0,(0.5),(1.2),(1.6),(0.5),(0.7),(1.6),(0.4),(2.9),原材料配合割合から推計
01,01149,0096,こむぎ　［マカロニ・スパゲッティ類］　生パスタ　生,42.0,0.8,0.7,1.5,-,-,-,-,-,
01,01065,0097,こむぎ　［ふ類］　生ふ,60.0,0.2,0.3,0.5,-,-,-,-,-,
01,01066,0098,こむぎ　［ふ類］　焼きふ　釜焼きふ,11.3,1.1,2.6,3.7,-,-,-,-,-,
01,01067,0099,こむぎ　［ふ類］　焼きふ　板ふ,12.5,1.5,2.3,3.8,-,-,-,-,-,
01,01068,0100,こむぎ　［ふ類］　焼きふ　車ふ,11.4,1.1,1.5,2.6,-,-,-,-,-,
01,01070,0102,こむぎ　［その他］　小麦はいが,3.6,0.7,13.6,14.3,-,-,-,-,-,
01,01071,0103,こむぎ　［その他］　小麦たんぱく　粉末状,6.5,0.5,1.9,2.4,-,-,-,-,-,
01,01072,0104,こむぎ　［その他］　小麦たんぱく　粒状,76.0,0,0.4,0.4,-,-,-,-,-,
01,01073,0105,こむぎ　［その他］　小麦たんぱく　ペースト状,66.0,0,0.5,0.5,-,-,-,-,-,
01,01074,0107,こむぎ　［その他］　ぎょうざの皮　生,32.0,1.0,1.2,2.2,-,-,-,-,-,
01,01075,0108,こむぎ　［その他］　しゅうまいの皮　生,31.1,1.0,1.2,2.2,-,-,-,-,-,
01,01179,0109,こむぎ　［その他］　春巻きの皮　生,26.7,-,-,-,2.1,1.2,1.2,0.4,4.5,
01,01180,0110,こむぎ　［その他］　春巻きの皮　揚げ,7.3,-,-,-,1.9,1.2,1.1,0.5,4.2,
01,01076,0111,こむぎ　［その他］　ピザ生地,35.3,0.8,1.5,2.3,-,-,-,-,-,
01,01069,0112,こむぎ　［その他］　ちくわぶ,60.4,0.6,0.9,1.5,-,-,-,-,-,
01,01077,0113,こむぎ　［その他］　パン粉　生,35.0,1.2,1.8,3.0,-,-,-,-,-,
01,01078,0114,こむぎ　［その他］　パン粉　半生,26.0,1.4,2.1,3.5,-,-,-,-,-,
01,01079,0115,こむぎ　［その他］　パン粉　乾燥,11.9,1.4,2.1,3.5,1.4,1.8,3.4,1.1,6.5,
01,01150,0116,こむぎ　［その他］　冷めん　生,36.4,0.6,0.6,1.1,-,-,-,-,-,
01,01080,0117,こめ　［水稲穀粒］　玄米,14.9,0.7,2.3,3.0,-,-,-,-,-,
01,01081,0118,こめ　［水稲穀粒］　半つき米,14.9,0.4,1.0,1.4,-,-,-,-,-,
01,01082,0119,こめ　［水稲穀粒］　七分つき米,14.9,0.2,0.7,0.9,-,-,-,-,-,
01,01083,0120,こめ　［水稲穀粒］　精白米　うるち米,14.9,Tr,0.5,0.5,-,-,-,-,-,
01,01151,0121,こめ　［水稲穀粒］　精白米　もち米,14.9,(Tr),(0.5),(0.5),-,-,-,-,-,01083水稲穀粒うるち米から推計
01,01152,0122,こめ　［水稲穀粒］　精白米　インディカ米,13.7,0.1,0.4,0.5,-,-,-,-,-,
01,01084,0123,こめ　［水稲穀粒］　はいが精米,14.9,0.3,1.0,1.3,-,-,-,-,-,
01,01153,0124,こめ　［水稲穀粒］　発芽玄米,14.9,0.5,2.6,3.1,-,-,-,-,-,
01,01181,0125,こめ　［水稲穀粒］　赤米,14.6,-,-,-,0.5,0.6,5.4,0.2,6.5,
01,01182,0126,こめ　［水稲穀粒］　黒米,15.2,-,-,-,0.8,0.9,3.9,0.2,5.6,
01,01085,0127,こめ　［水稲めし］　玄米,60.0,0.2,1.2,1.4,-,-,-,-,-,
01,01086,0128,こめ　［水稲めし］　半つき米,60.0,0.2,0.6,0.8,-,-,-,-,-,
01,01087,0129,こめ　［水稲めし］　七分つき米,60.0,0.1,0.4,0.5,-,-,-,-,-,
01,01168,0130,こめ　［水稲めし］　精白米　インディカ米,54.0,0,0.4,0.4,-,-,-,-,-,
01,01088,0131,こめ　［水稲めし］　精白米　うるち米,60.0,0,0.3,0.3,0.9,Tr,0.6,0.1,1.5,
01,01154,0132,こめ　［水稲めし］　精白米　もち米,52.1,(0),(0.4),(0.4),-,-,-,-,-,01088水稲めしうるち米から推計
01,01089,0133,こめ　［水稲めし］　はいが精米,60.0,0.2,0.6,0.8,-,-,-,-,-,
01,01155,0134,こめ　［水稲めし］　発芽玄米,60.0,0.2,1.6,1.8,-,-,-,-,-,
01,01183,0135,こめ　［水稲めし］　赤米,61.3,-,-,-,0.9,0.2,2.3,0.1,3.4,
01,01184,0136,こめ　［水稲めし］　黒米,62.0,-,-,-,1.0,0.3,2.0,0.1,3.3,
01,01185,0137,こめ　［水稲軟めし］　精白米,71.5,(0),(0.3),(0.3),(0.7),(Tr),(0.4),(0.1),(1.1),01088水稲めしうるち米から推計
01,01090,0138,こめ　［水稲全かゆ］　玄米,83.0,(0.1),(0.5),(0.6),-,-,-,-,-,
01,01091,0139,こめ　［水稲全かゆ］　半つき米,83.0,(0.1),(0.2),(0.3),-,-,-,-,-,
01,01092,0140,こめ　［水稲全かゆ］　七分つき米,83.0,(Tr),(0.2),(0.2),-,-,-,-,-,
01,01093,0141,こめ　［水稲全かゆ］　精白米,83.0,(0),(0.1),(0.1),-,-,-,-,-,
01,01094,0142,こめ　［水稲五分かゆ］　玄米,91.5,(Tr),(0.3),(0.3),-,-,-,-,-,
01,01095,0143,こめ　［水稲五分かゆ］　半つき米,91.5,(Tr),(0.1),(0.1),-,-,-,-,-,
01,01096,0144,こめ　［水稲五分かゆ］　七分つき米,91.5,(Tr),(0.1),(0.1),-,-,-,-,-,
01,01097,0145,こめ　［水稲五分かゆ］　精白米,91.5,(0),(0.1),(0.1),-,-,-,-,-,
01,01098,0146,こめ　［水稲おもゆ］　玄米,95.0,(Tr),(0.2),(0.2),-,-,-,-,-,
01,01099,0147,こめ　［水稲おもゆ］　半つき米,95.0,(Tr),(0.1),(0.1),-,-,-,-,-,
01,01100,0148,こめ　［水稲おもゆ］　七分つき米,95.0,(Tr),(Tr),(Tr),-,-,-,-,-,
01,01101,0149,こめ　［水稲おもゆ］　精白米,95.0,(0),(Tr),(Tr),-,-,-,-,-,
01,01102,0150,こめ　［陸稲穀粒］　玄米,14.9,0.7,2.3,3.0,-,-,-,-,-,
01,01103,0151,こめ　［陸稲穀粒］　半つき米,14.9,0.4,1.0,1.4,-,-,-,-,-,
01,01104,0152,こめ　［陸稲穀粒］　七分つき米,14.9,0.2,0.7,0.9,-,-,-,-,-,
01,01105,0153,こめ　［陸稲穀粒］　精白米,14.9,Tr,0.5,0.5,-,-,-,-,-,
01,01106,0154,こめ　［陸稲めし］　玄米,60.0,0.2,1.2,1.4,-,-,-,-,-,
01,01107,0155,こめ　［陸稲めし］　半つき米,60.0,0.2,0.6,0.8,-,-,-,-,-,
01,01108,0156,こめ　［陸稲めし］　七分つき米,60.0,0.1,0.4,0.5,-,-,-,-,-,
01,01109,0157,こめ　［陸稲めし］　精白米,60.0,0,0.3,0.3,-,-,-,-,-,
01,01110,0158,こめ　［うるち米製品］　アルファ化米　一般用,7.9,0.2,1.0,1.2,-,-,-,-,-,
01,01156,0159,こめ　［うるち米製品］　アルファ化米　学校給食用強化品,7.9,0.2,1.0,1.2,-,-,-,-,-,
01,01214,0159-1,こめ　［うるち米製品］　水稲全かゆ　レトルト　玄米,88.0,-,-,-,0.3,0.1,0.5,0.1,0.9,
01,01215,0159-2,こめ　［うるち米製品］　水稲全かゆ　レトルト　精白米,90.7,-,-,-,0.2,Tr,0.2,0.1,0.5,
01,01111,0160,こめ　［うるち米製品］　おにぎり,57.0,0,0.4,0.4,-,-,-,-,-,
01,01112,0161,こめ　［うるち米製品］　焼きおにぎり,56.0,0,0.4,0.4,-,-,-,-,-,
01,01113,0162,こめ　［うるち米製品］　きりたんぽ,50.0,0,0.4,0.4,-,-,-,-,-,
01,01114,0163,こめ　［うるち米製品］　上新粉,14.0,Tr,0.6,0.6,-,-,-,-,-,
01,01157,0164,こめ　［うるち米製品］　玄米粉,4.6,0.6,2.9,3.5,-,-,-,-,-,
01,01158,0165,こめ　［うるち米製品］　米粉,11.1,Tr,0.6,0.6,-,-,-,-,-,
01,01211,0166,こめ　［うるち米製品］　米粉パン　食パン,41.2,(0.1),(0.6),(0.7),-,-,-,-,-,
01,01212,0167,こめ　［うるち米製品］　米粉パン　ロールパン,41.2,(0.1),(0.5),(0.6),-,-,-,-,-,
01,01159,0168,こめ　［うるち米製品］　米粉パン　小麦グルテン不使用のもの,41.2,0.1,0.8,0.9,-,-,-,-,-,
01,01160,0169,こめ　［うるち米製品］　米粉めん,37.0,0.3,0.6,0.9,-,-,-,-,-,
01,01115,0170,こめ　［うるち米製品］　ビーフン,11.1,0,0.9,0.9,-,-,-,-,-,
01,01169,0171,こめ　［うるち米製品］　ライスペーパー,13.2,0.2,0.6,0.8,-,-,-,-,-,
01,01116,0172,こめ　［うるち米製品］　米こうじ,33.0,0.2,1.2,1.4,-,-,-,-,-,
01,01117,0173,こめ　［もち米製品］　もち,44.5,0,0.5,0.5,-,-,-,-,-,
01,01118,0174,こめ　［もち米製品］　赤飯,53.0,0.1,1.5,1.6,-,-,-,-,-,
01,01119,0175,こめ　［もち米製品］　あくまき,69.5,0,0.2,0.2,-,-,-,-,-,
01,01120,0176,こめ　［もち米製品］　白玉粉,12.5,Tr,0.5,0.5,-,-,-,-,-,
01,01121,0177,こめ　［もち米製品］　道明寺粉,11.6,0,0.7,0.7,-,-,-,-,-,
01,01161,0178,こめ　［その他］　米ぬか,10.3,2.2,18.3,20.5,-,-,-,-,-,
01,01122,0179,そば　そば粉　全層粉,13.5,0.8,3.5,4.3,-,-,-,-,-,
01,01123,0180,そば　そば粉　内層粉,14.0,0.5,1.3,1.8,-,-,-,-,-,
01,01124,0181,そば　そば粉　中層粉,13.5,1.3,3.1,4.4,-,-,-,-,-,
01,01125,0182,そば　そば粉　表層粉,13.0,1.1,6.0,7.1,-,-,-,-,-,
01,01126,0183,そば　そば米,12.8,1.0,2.7,3.7,-,-,-,-,-,
01,01127,0184,そば　そば　生,33.0,-,-,-,1.8,1.6,2.6,0.2,6.0,
01,01128,0185,そば　そば　ゆで,68.0,0.5,1.5,2.0,0.9,0.8,1.2,0.1,2.9,
01,01197,0186,そば　そば　半生そば,23.0,1.1,2.0,3.1,2.1,1.9,3.0,0.3,6.9,
01,01129,0187,そば　干しそば　乾,14.0,1.6,2.1,3.7,-,-,-,-,-,
01,01130,0188,そば　干しそば　ゆで,72.0,0.5,1.0,1.5,-,-,-,-,-,
01,01131,0189,とうもろこし　玄穀　黄色種,14.5,0.6,8.4,9.0,-,-,-,-,-,
01,01162,0190,とうもろこし　玄穀　白色種,14.5,0.6,8.4,9.0,-,-,-,-,-,
01,01132,0191,とうもろこし　コーンミール　黄色種,14.0,0.6,7.4,8.0,-,-,-,-,-,
01,01163,0192,とうもろこし　コーンミール　白色種,14.0,0.6,7.4,8.0,-,-,-,-,-,
01,01133,0193,とうもろこし　コーングリッツ　黄色種,14.0,0.1,2.3,2.4,-,-,-,-,-,
01,01164,0194,とうもろこし　コーングリッツ　白色種,14.0,0.1,2.3,2.4,-,-,-,-,-,
01,01134,0195,とうもろこし　コーンフラワー　黄色種,14.0,0.2,1.5,1.7,-,-,-,-,-,
01,01165,0196,とうもろこし　コーンフラワー　白色種,14.0,0.2,1.5,1.7,-,-,-,-,-,
01,01135,0197,とうもろこし　ジャイアントコーン　フライ　味付け,4.3,0.6,9.9,10.5,-,-,-,-,-,
01,01136,0198,とうもろこし　ポップコーン,4.0,0.2,9.1,9.3,-,-,-,-,-,
01,01137,0199,とうもろこし　コーンフレーク,4.5,0.3,2.1,2.4,-,-,-,-,-,
01,01138,0200,はとむぎ　精白粒,13.0,0,0.6,0.6,-,-,-,-,-,
01,01139,0201,ひえ　精白粒,12.9,0.4,3.9,4.3,-,-,-,-,-,
01,01140,0202,もろこし　玄穀,12.0,0.7,9.0,9.7,-,-,-,-,-,
01,01141,0203,もろこし　精白粒,12.5,0.4,4.0,4.4,-,-,-,-,-,
01,01142,0204,ライむぎ　全粒粉,12.5,3.2,10.1,13.3,-,-,-,-,-,
01,01143,0205,ライむぎ　ライ麦粉,13.5,4.7,8.2,12.9,-,-,-,-,-,
02,02068,0206,＜いも類＞　アメリカほどいも　塊根　生,56.5,-,-,-,0.8,1.8,8.5,0.3,11.1,
02,02069,0207,＜いも類＞　アメリカほどいも　塊根　ゆで,57.1,-,-,-,0.9,3.2,4.2,1.5,8.4,
02,02001,0208,＜いも類＞　きくいも　塊茎　生,81.7,0.5,1.4,1.9,-,-,-,-,-,
02,02041,0209,＜いも類＞　きくいも　塊茎　水煮,85.4,0.5,1.6,2.1,-,-,-,-,-,
02,02002,0210,＜いも類＞　こんにゃく　精粉,6.0,73.3,6.6,79.9,-,-,-,-,-,
02,02003,0211,＜いも類＞　こんにゃく　板こんにゃく　精粉こんにゃく,97.3,0.1,2.1,2.2,-,-,-,-,-,
02,02004,0212,＜いも類＞　こんにゃく　板こんにゃく　生いもこんにゃく,96.2,Tr,3.0,3.0,-,-,-,-,-,
02,02042,0213,＜いも類＞　こんにゃく　赤こんにゃく,97.1,0.1,2.3,2.3,-,-,-,-,-,
02,02043,0214,＜いも類＞　こんにゃく　凍みこんにゃく　乾,12.0,0.9,70.4,71.3,-,-,-,-,-,
02,02044,0215,＜いも類＞　こんにゃく　凍みこんにゃく　ゆで,80.8,0.2,15.3,15.5,-,-,-,-,-,
02,02005,0216,＜いも類＞　こんにゃく　しらたき,96.5,0,2.9,2.9,-,-,-,-,-,
02,02045,0217,＜いも類＞　（さつまいも類）　さつまいも　塊根　皮つき　生,64.6,0.9,1.8,2.8,-,-,-,-,-,
02,02046,0218,＜いも類＞　（さつまいも類）　さつまいも　塊根　皮つき　蒸し,64.2,1.0,2.8,3.8,-,-,-,-,-,
02,02047,0219,＜いも類＞　（さつまいも類）　さつまいも　塊根　皮つき　天ぷら,52.4,0.9,2.2,3.1,-,-,-,-,-,
02,02006,0220,＜いも類＞　（さつまいも類）　さつまいも　塊根　皮なし　生,65.6,0.6,1.6,2.2,-,-,-,-,-,
02,02007,0221,＜いも類＞　（さつまいも類）　さつまいも　塊根　皮なし　蒸し,65.6,0.6,1.7,2.3,-,-,-,-,-,
02,02008,0222,＜いも類＞　（さつまいも類）　さつまいも　塊根　皮なし　焼き,58.1,1.1,2.4,3.5,0.7,1.4,2.3,0.5,4.5,
02,02009,0223,＜いも類＞　（さつまいも類）　さつまいも　蒸し切干,22.2,2.4,3.5,5.9,1.3,2.6,4.3,0.8,8.2,
02,02048,0224,＜いも類＞　（さつまいも類）　むらさきいも　塊根　皮なし　生,66.0,0.8,1.7,2.5,-,-,-,-,-,
02,02049,0225,＜いも類＞　（さつまいも類）　むらさきいも　塊根　皮なし　蒸し,66.2,0.9,2.1,3.0,-,-,-,-,-,
02,02010,0226,＜いも類＞　（さといも類）　さといも　球茎　生,84.1,0.8,1.5,2.3,-,-,-,-,-,
02,02011,0227,＜いも類＞　（さといも類）　さといも　球茎　水煮,84.0,0.9,1.5,2.4,-,-,-,-,-,
02,02012,0228,＜いも類＞　（さといも類）　さといも　球茎　冷凍,80.9,0.8,1.2,2.0,0.3,5.0,3.3,0.1,8.7,
02,02050,0229,＜いも類＞　（さといも類）　セレベス　球茎　生,76.4,0.7,1.6,2.3,-,-,-,-,-,
02,02051,0230,＜いも類＞　（さといも類）　セレベス　球茎　水煮,77.5,0.7,1.5,2.2,-,-,-,-,-,
02,02052,0231,＜いも類＞　（さといも類）　たけのこいも　球茎　生,73.4,0.6,2.2,2.8,-,-,-,-,-,
02,02053,0232,＜いも類＞　（さといも類）　たけのこいも　球茎　水煮,75.4,0.8,1.7,2.4,-,-,-,-,-,
02,02013,0233,＜いも類＞　（さといも類）　みずいも　球茎　生,70.5,0.6,1.6,2.2,-,-,-,-,-,
02,02014,0234,＜いも類＞　（さといも類）　みずいも　球茎　水煮,72.0,0.7,1.8,2.5,-,-,-,-,-,
02,02015,0235,＜いも類＞　（さといも類）　やつがしら　球茎　生,74.5,0.5,2.3,2.8,-,-,-,-,-,
02,02016,0236,＜いも類＞　（さといも類）　やつがしら　球茎　水煮,75.6,0.9,1.9,2.8,-,-,-,-,-,
02,02063,0237,＜いも類＞　じゃがいも　塊茎　皮つき　生,81.1,-,-,-,1.3,4.1,4.4,0.1,9.8,
02,02064,0238,＜いも類＞　じゃがいも　塊茎　皮つき　電子レンジ調理,77.6,-,-,-,0.6,0.8,2.4,0.5,3.9,
02,02065,0239,＜いも類＞　じゃがいも　塊茎　皮つき　フライドポテト　（生を揚げたもの）,65.2,-,-,-,0.7,1.1,2.6,0.7,4.3,
02,02017,0240,＜いも類＞　じゃがいも　塊茎　皮なし　生,79.8,0.4,0.8,1.2,1.3,3.6,4.0,0.1,8.9,
02,02019,0241,＜いも類＞　じゃがいも　塊茎　皮なし　水煮,80.6,0.5,1.1,1.6,0.5,0.9,1.7,0.5,3.1,
02,02018,0242,＜いも類＞　じゃがいも　塊茎　皮なし　蒸し,78.8,0.5,1.1,1.7,0.4,0.9,2.2,0.4,3.5,
02,02066,0243,＜いも類＞　じゃがいも　塊茎　皮なし　電子レンジ調理,78.0,0.5,1.1,1.7,0.6,0.7,2.2,0.5,3.5,
02,02067,0244,＜いも類＞　じゃがいも　塊茎　皮なし　フライドポテト　（生を揚げたもの）,64.2,-,-,-,0.6,1.1,2.3,0.7,3.9,
02,02020,0245,＜いも類＞　じゃがいも　塊茎　皮なし　フライドポテト　（市販冷凍食品を揚げたもの）,52.9,1.0,2.1,3.1,-,-,-,-,-,
02,02021,0246,＜いも類＞　じゃがいも　乾燥マッシュポテト,7.5,2.5,4.1,6.6,-,-,-,-,-,
02,02054,0247,＜いも類＞　ヤーコン　塊根　生,86.3,0.3,0.8,1.1,-,-,-,-,-,
02,02055,0248,＜いも類＞　ヤーコン　塊根　水煮,88.8,0.3,0.9,1.2,-,-,-,-,-,
02,02022,0249,＜いも類＞　（やまのいも類）　ながいも　いちょういも　塊根　生,71.1,0.6,0.8,1.4,-,-,-,-,-,
02,02023,0250,＜いも類＞　（やまのいも類）　ながいも　ながいも　塊根　生,82.6,0.2,0.8,1.0,-,-,-,-,-,
02,02024,0251,＜いも類＞　（やまのいも類）　ながいも　ながいも　塊根　水煮,84.2,0.2,1.2,1.4,-,-,-,-,-,
02,02025,0252,＜いも類＞　（やまのいも類）　ながいも　やまといも　塊根　生,66.7,0.7,1.8,2.5,-,-,-,-,-,
02,02026,0253,＜いも類＞　（やまのいも類）　じねんじょ　塊根　生,68.8,0.6,1.4,2.0,-,-,-,-,-,
02,02027,0254,＜いも類＞　（やまのいも類）　だいじょ　塊根　生,71.2,0.5,1.7,2.2,-,-,-,-,-,
02,02070,0255,＜でん粉・でん粉製品＞　（でん粉類）　おおうばゆりでん粉,16.2,-,-,-,0.5,0.3,Tr,1.7,0.8,
02,02036,0264,＜でん粉・でん粉製品＞　（でん粉製品）　くずきり　乾,11.8,0,0.9,0.9,-,-,-,-,-,
02,02037,0265,＜でん粉・でん粉製品＞　（でん粉製品）　くずきり　ゆで,66.5,0,0.8,0.8,-,-,-,-,-,
02,02056,0266,＜でん粉・でん粉製品＞　（でん粉製品）　ごま豆腐,84.8,Tr,1.0,1.0,-,-,-,-,-,
02,02038,0267,＜でん粉・でん粉製品＞　（でん粉製品）　タピオカパール　乾,11.9,0.2,0.2,0.5,-,-,-,-,-,
02,02057,0268,＜でん粉・でん粉製品＞　（でん粉製品）　タピオカパール　ゆで,84.6,0,0.2,0.2,-,-,-,-,-,
02,02058,0269,＜でん粉・でん粉製品＞　（でん粉製品）　でん粉めん　生,67.4,0.2,0.6,0.8,-,-,-,-,-,
02,02059,0270,＜でん粉・でん粉製品＞　（でん粉製品）　でん粉めん　乾,12.6,0.5,1.2,1.8,-,-,-,-,-,
02,02060,0271,＜でん粉・でん粉製品＞　（でん粉製品）　でん粉めん　乾　ゆで,79.2,Tr,0.6,0.6,-,-,-,-,-,
02,02039,0272,＜でん粉・でん粉製品＞　（でん粉製品）　はるさめ　緑豆はるさめ　乾,11.8,Tr,4.1,4.1,-,-,-,-,-,
02,02061,0273,＜でん粉・でん粉製品＞　（でん粉製品）　はるさめ　緑豆はるさめ　ゆで,79.3,Tr,1.5,1.5,-,-,-,-,-,
02,02040,0274,＜でん粉・でん粉製品＞　（でん粉製品）　はるさめ　普通はるさめ　乾,12.9,0.3,0.9,1.2,-,-,-,-,-,
02,02062,0275,＜でん粉・でん粉製品＞　（でん粉製品）　はるさめ　普通はるさめ　ゆで,80.0,Tr,0.7,0.8,-,-,-,-,-,
03,03030,0277,（砂糖類）　てんさい含蜜糖,2.0,-,-,-,8.3,Tr,-,-,8.3,"ラフィノース： 4.7 g
1-ケストース： 0.6 g"
03,03031,0291,（でん粉糖類）　還元麦芽糖,0,-,-,-,0.3,0,0,Tr,0.3,
03,03032,0292,（でん粉糖類）　還元水あめ,30.1,-,-,-,14.0†,Tr†,0,Tr†,14.0†,"マルトトリイトール： 8.2 g
†は規定法による測定値"
03,03029,0303,（その他）　黒蜜,46.5,0,0,0,-,-,-,-,-,
04,04001,0306,あずき　全粒　乾,14.2,1.0,14.2,15.3,5.3,2.4,17.1,0.6,24.8,
04,04002,0307,あずき　全粒　ゆで,63.9,0.8,11.3,12.1,1.7,0.8,6.2,1.1,8.7,
04,04003,0308,あずき　ゆで小豆缶詰,45.3,0.5,2.9,3.4,-,-,-,-,-,
04,04004,0309,あずき　あん　こし生あん,62.0,0.3,6.5,6.8,-,-,-,-,-,
04,04005,0310,あずき　あん　さらしあん　（乾燥あん）,7.8,1.0,25.8,26.8,-,-,-,-,-,
04,04101,0311,あずき　あん　こし練りあん　（並あん）,35.0,(0.2),(3.7),(3.9),-,-,-,-,-,原材料配合割合から推計
04,04102,0312,あずき　あん　こし練りあん　（中割りあん）,33.2,(0.2),(3.4),(3.5),-,-,-,-,-,原材料配合割合から推計
04,04103,0313,あずき　あん　こし練りあん　（もなかあん）,25.7,(0.2),(3.4),(3.5),-,-,-,-,-,原材料配合割合から推計
04,04111,0313-1,あずき　あん　つぶし生あん,65.8,-,-,-,1.2,0.7,6.0,1.5,7.9,
04,04006,0314,あずき　あん　つぶし練りあん,39.3,0.5,5.2,5.7,-,-,-,-,-,
04,04007,0315,いんげんまめ　全粒　乾,15.3,3.3,16.2,19.6,-,-,-,-,-,
04,04008,0316,いんげんまめ　全粒　ゆで,63.6,1.5,12.0,13.6,-,-,-,-,-,
04,04009,0317,いんげんまめ　うずら豆,41.4,1.3,4.6,5.9,-,-,-,-,-,
04,04010,0318,いんげんまめ　こし生あん,62.3,0.5,8.0,8.5,-,-,-,-,-,
04,04011,0319,いんげんまめ　豆きんとん,37.8,4.3,0.5,4.8,-,-,-,-,-,
04,04012,0320,えんどう　全粒　青えんどう　乾,13.4,1.2,16.2,17.4,-,-,-,-,-,
04,04013,0321,えんどう　全粒　青えんどう　ゆで,63.8,0.5,7.2,7.7,-,-,-,-,-,
04,04074,0322,えんどう　全粒　赤えんどう　乾,13.4,1.2,16.2,17.4,-,-,-,-,-,
04,04075,0323,えんどう　全粒　赤えんどう　ゆで,63.8,0.5,7.2,7.7,-,-,-,-,-,
04,04014,0324,えんどう　グリンピース（揚げ豆）,5.6,0.9,18.7,19.6,-,-,-,-,-,
04,04015,0325,えんどう　塩豆,6.3,1.1,16.8,17.9,-,-,-,-,-,
04,04016,0326,えんどう　うぐいす豆,39.7,0.7,4.6,5.3,-,-,-,-,-,
04,04112,0326-1,えんどう　うぐいすあん,38.5,-,-,-,2.8,0.8,4.6,1.4,8.2,
04,04017,0327,ささげ　全粒　乾,15.5,1.3,17.1,18.4,-,-,-,-,-,
04,04018,0328,ささげ　全粒　ゆで,63.9,0.8,9.9,10.7,-,-,-,-,-,
04,04019,0329,そらまめ　全粒　乾,13.3,1.3,8.0,9.3,-,-,-,-,-,
04,04020,0330,そらまめ　フライビーンズ,4.0,0.9,14.0,14.9,-,-,-,-,-,
04,04021,0331,そらまめ　おたふく豆,37.2,1.4,4.5,5.9,-,-,-,-,-,
04,04022,0332,そらまめ　ふき豆,34.5,0.8,3.7,4.5,-,-,-,-,-,
04,04076,0333,そらまめ　しょうゆ豆,50.2,0.8,9.3,10.1,-,-,-,-,-,
04,04104,0334,だいず　［全粒・全粒製品］　全粒　青大豆　国産　乾,12.5,-,-,-,4.0,1.1,15.0,Tr,20.1,
04,04105,0335,だいず　［全粒・全粒製品］　全粒　青大豆　国産　ゆで,65.5,-,-,-,0.9,0.6,6.4,0,8.0,
04,04023,0336,だいず　［全粒・全粒製品］　全粒　黄大豆　国産　乾,12.4,1.5,16.4,17.9,4.6,1.5,15.4,-,21.5,
04,04024,0337,だいず　［全粒・全粒製品］　全粒　黄大豆　国産　ゆで,65.4,0.9,5.8,6.6,1.3,0.9,6.4,-,8.5,
04,04025,0338,だいず　［全粒・全粒製品］　全粒　黄大豆　米国産　乾,11.7,0.9,15.0,15.9,-,-,-,-,-,
04,04026,0339,だいず　［全粒・全粒製品］　全粒　黄大豆　中国産　乾,12.5,0.9,14.7,15.6,-,-,-,-,-,
04,04027,0340,だいず　［全粒・全粒製品］　全粒　黄大豆　ブラジル産　乾,8.3,1.0,16.3,17.3,-,-,-,-,-,
04,04077,0341,だいず　［全粒・全粒製品］　全粒　黒大豆　国産　乾,12.7,1.4,14.6,16.0,4.4,1.4,14.8,0.1,20.6,
04,04106,0342,だいず　［全粒・全粒製品］　全粒　黒大豆　国産　ゆで,65.1,-,-,-,1.0,0.8,6.2,Tr,7.9,
04,04080,0343,だいず　［全粒・全粒製品］　いり大豆　青大豆,2.7,2.2,16.2,18.4,-,-,-,-,-,
04,04078,0344,だいず　［全粒・全粒製品］　いり大豆　黄大豆,2.5,2.4,17.1,19.4,-,-,-,-,-,
04,04079,0345,だいず　［全粒・全粒製品］　いり大豆　黒大豆,2.4,2.4,16.9,19.2,-,-,-,-,-,
04,04028,0346,だいず　［全粒・全粒製品］　水煮缶詰　黄大豆,71.7,0.4,6.4,6.8,-,-,-,-,-,
04,04081,0347,だいず　［全粒・全粒製品］　蒸し大豆　黄大豆,57.4,2.3,6.5,8.8,2.3,1.9,6.5,-,10.6,
04,04082,0348,だいず　［全粒・全粒製品］　きな粉　青大豆　全粒大豆,5.9,1.9,15.0,16.9,-,-,-,-,-,
04,04096,0349,だいず　［全粒・全粒製品］　きな粉　青大豆　脱皮大豆,5.2,-,-,-,5.5,2.1,13.1,-,20.8,別名：青大豆きな粉、うぐいす色きな粉あるいはうぐいすきな粉
04,04029,0350,だいず　［全粒・全粒製品］　きな粉　黄大豆　全粒大豆,4.0,2.7,15.4,18.1,-,-,-,-,-,
04,04030,0351,だいず　［全粒・全粒製品］　きな粉　黄大豆　脱皮大豆,2.6,2.4,12.9,15.3,-,-,-,-,-,
04,04109,0352,だいず　［全粒・全粒製品］　きな粉（砂糖入り）　青きな粉,3.3,(1.0),(7.5),(8.4),-,-,-,-,-,原材料配合割合から推計
04,04110,0353,だいず　［全粒・全粒製品］　きな粉（砂糖入り）　きな粉,2.3,(1.3),(7.7),(9.0),-,-,-,-,-,原材料配合割合から推計
04,04083,0354,だいず　［全粒・全粒製品］　大豆はいが,3.9,2.8,16.0,18.8,-,-,-,-,-,
04,04031,0355,だいず　［全粒・全粒製品］　ぶどう豆,36.0,1.3,5.0,6.3,-,-,-,-,-,
04,04032,0356,だいず　［豆腐・油揚げ類］　木綿豆腐,85.9,0.1,0.3,0.4,0.5,0.2,0.3,0,1.1,
04,04097,0357,だいず　［豆腐・油揚げ類］　木綿豆腐　（凝固剤：塩化マグネシウム）,85.9,0.1,0.3,0.4,0.5,0.2,0.3,0,1.1,
04,04098,0358,だいず　［豆腐・油揚げ類］　木綿豆腐　（凝固剤：硫酸カルシウム）,85.9,0.1,0.3,0.4,0.5,0.2,0.3,0,1.1,
04,04033,0359,だいず　［豆腐・油揚げ類］　絹ごし豆腐,88.5,0.1,0.3,0.3,0.6,0.1,0.3,0,0.9,
04,04099,0360,だいず　［豆腐・油揚げ類］　絹ごし豆腐　（凝固剤：塩化マグネシウム）,88.5,0.1,0.3,0.3,0.6,0.1,0.3,0,0.9,
04,04100,0361,だいず　［豆腐・油揚げ類］　絹ごし豆腐　（凝固剤：硫酸カルシウム）,88.5,0.1,0.3,0.3,0.6,0.1,0.3,0,0.9,
04,04034,0362,だいず　［豆腐・油揚げ類］　ソフト豆腐,88.9,0.2,0.2,0.4,-,-,-,-,-,
04,04035,0363,だいず　［豆腐・油揚げ類］　充てん豆腐,88.6,0.2,0.1,0.3,-,-,-,-,-,
04,04036,0364,だいず　［豆腐・油揚げ類］　沖縄豆腐,81.8,0.2,0.3,0.5,-,-,-,-,-,
04,04037,0365,だいず　［豆腐・油揚げ類］　ゆし豆腐,90.0,0.2,0.1,0.3,-,-,-,-,-,
04,04038,0366,だいず　［豆腐・油揚げ類］　焼き豆腐,84.8,0.1,0.4,0.5,-,-,-,-,-,
04,04039,0367,だいず　［豆腐・油揚げ類］　生揚げ,75.9,0.2,0.5,0.7,0.1,0.4,0.3,-,0.8,
04,04113,0367-1,だいず　［豆腐・油揚げ類］　絹生揚げ,80.5,-,-,-,0.9,0.2,0.4,0,1.5,
04,04040,0368,だいず　［豆腐・油揚げ類］　油揚げ　生,39.9,0.5,0.8,1.3,-,-,-,-,-,
04,04084,0369,だいず　［豆腐・油揚げ類］　油揚げ　油抜き　生,56.9,0.4,0.5,0.9,-,-,-,-,-,
04,04086,0370,だいず　［豆腐・油揚げ類］　油揚げ　油抜き　ゆで,72.6,0.2,0.4,0.6,-,-,-,-,-,
04,04085,0371,だいず　［豆腐・油揚げ類］　油揚げ　油抜き　焼き,40.2,0.5,0.7,1.2,-,-,-,-,-,
04,04095,0372,だいず　［豆腐・油揚げ類］　油揚げ　甘煮,54.9,0.2,0.4,0.5,-,-,-,-,-,
04,04041,0373,だいず　［豆腐・油揚げ類］　がんもどき,63.5,0.6,0.8,1.4,-,-,-,-,-,
04,04042,0374,だいず　［豆腐・油揚げ類］　凍り豆腐　乾,7.2,0.5,1.9,2.5,-,-,-,-,-,
04,04087,0375,だいず　［豆腐・油揚げ類］　凍り豆腐　水煮,79.6,0.2,0.4,0.5,-,-,-,-,-,
04,04043,0376,だいず　［豆腐・油揚げ類］　豆腐よう,60.6,0.3,0.5,0.8,-,-,-,-,-,
04,04044,0377,だいず　［豆腐・油揚げ類］　豆腐竹輪　蒸し,71.6,0.2,0.6,0.8,-,-,-,-,-,
04,04045,0378,だいず　［豆腐・油揚げ類］　豆腐竹輪　焼き,68.8,0.2,0.5,0.7,-,-,-,-,-,
04,04088,0379,だいず　［豆腐・油揚げ類］　ろくじょう豆腐,26.5,0.9,2.3,3.2,-,-,-,-,-,
04,04046,0380,だいず　［納豆類］　糸引き納豆,59.5,2.3,4.4,6.7,1.2,2.7,5.6,-,9.5,
04,04047,0381,だいず　［納豆類］　挽きわり納豆,60.9,2.0,3.9,5.9,-,-,-,-,-,
04,04048,0382,だいず　［納豆類］　五斗納豆,45.8,2.0,2.9,4.9,-,-,-,-,-,
04,04114,0382-1,だいず　［納豆類］　塩納豆,64.0,-,-,-,1.6,1.4,3.1,Tr,6.0,
04,04049,0383,だいず　［納豆類］　寺納豆,24.4,1.6,6.0,7.6,-,-,-,-,-,
04,04115,0383-1,だいず　［納豆類］　干し納豆,12.0,-,-,-,1.6,4.2,11.4,0.2,17.2,
04,04051,0384,だいず　［その他］　おから　生,75.5,0.4,11.1,11.5,-,-,-,-,-,
04,04089,0385,だいず　［その他］　おから　乾燥,7.1,1.5,42.1,43.6,-,-,-,-,-,
04,04052,0386,だいず　［その他］　豆乳　豆乳,90.8,0.2,0,0.2,0.6,0.2,0.1,Tr,0.9,
04,04053,0387,だいず　［その他］　豆乳　調製豆乳,87.9,0.2,0.1,0.3,0.8,0.3,Tr,Tr,1.1,
04,04054,0388,だいず　［その他］　豆乳　豆乳飲料・麦芽コーヒー,87.4,0.1,0,0.1,0.7,0.4,0,Tr,1.0,
04,04055,0389,だいず　［その他］　大豆たんぱく　粒状大豆たんぱく,7.8,5.9,11.9,17.8,-,-,-,-,-,
04,04056,0390,だいず　［その他］　大豆たんぱく　濃縮大豆たんぱく,6.8,1.4,19.5,20.9,-,-,-,-,-,
04,04057,0391,だいず　［その他］　大豆たんぱく　分離大豆たんぱく　塩分無調整タイプ,5.9,0,4.2,4.2,-,-,-,-,-,
04,04090,0392,だいず　［その他］　大豆たんぱく　分離大豆たんぱく　塩分調整タイプ,5.9,0,4.2,4.2,-,-,-,-,-,
04,04058,0393,だいず　［その他］　大豆たんぱく　繊維状大豆たんぱく,5.8,0.5,5.1,5.6,-,-,-,-,-,
04,04059,0394,だいず　［その他］　湯葉　生,59.1,0.2,0.6,0.8,-,-,-,-,-,
04,04060,0395,だいず　［その他］　湯葉　干し　乾,6.9,0.6,2.4,3.0,-,-,-,-,-,
04,04091,0396,だいず　［その他］　湯葉　干し　湯戻し,72.8,0.3,0.9,1.2,-,-,-,-,-,
04,04061,0397,だいず　［その他］　金山寺みそ,34.3,0.2,3.0,3.2,-,-,-,-,-,
04,04062,0398,だいず　［その他］　ひしおみそ,46.3,0.9,1.9,2.8,-,-,-,-,-,
04,04063,0399,だいず　［その他］　テンペ,57.8,2.1,8.1,10.2,-,-,-,-,-,
04,04064,0400,つるあずき　全粒　乾,12.0,1.3,20.7,22.0,-,-,-,-,-,
04,04092,0401,つるあずき　全粒　ゆで,60.5,0.6,12.8,13.4,-,-,-,-,-,
04,04065,0402,ひよこまめ　全粒　乾,10.4,1.2,15.1,16.3,-,-,-,-,-,
04,04066,0403,ひよこまめ　全粒　ゆで,59.6,0.5,11.1,11.6,-,-,-,-,-,
04,04067,0404,ひよこまめ　全粒　フライ　味付け,4.6,1.1,19.9,21.0,-,-,-,-,-,
04,04068,0405,べにばないんげん　全粒　乾,15.4,1.2,25.5,26.7,-,-,-,-,-,
04,04069,0406,べにばないんげん　全粒　ゆで,69.7,0.7,6.9,7.6,-,-,-,-,-,
04,04070,0408,らいまめ　全粒　乾,11.7,1.4,18.3,19.6,-,-,-,-,-,
04,04093,0409,らいまめ　全粒　ゆで,62.3,0.8,10.2,10.9,-,-,-,-,-,
04,04071,0410,りょくとう　全粒　乾,10.8,0.6,14.0,14.6,-,-,-,-,-,
04,04072,0411,りょくとう　全粒　ゆで,66.0,0.4,4.8,5.2,-,-,-,-,-,
04,04073,0412,レンズまめ　全粒　乾,12.0,1.0,15.7,16.7,-,-,-,-,-,
04,04094,0413,レンズまめ　全粒　ゆで,57.9,0.9,8.5,9.4,-,-,-,-,-,
05,05001,0414,アーモンド　乾,4.7,0.8,9.3,10.1,-,-,-,-,-,
05,05002,0415,アーモンド　フライ　味付け,1.8,1.1,9.0,10.1,-,-,-,-,-,
05,05040,0416,アーモンド　いり　無塩,1.8,1.1,10.0,11.0,-,-,-,-,-,
05,05003,0417,あさ　乾,4.6,1.2,21.8,23.0,-,-,-,-,-,
05,05041,0418,あまに　いり,0.8,9.1,14.7,23.8,-,-,-,-,-,
05,05004,0419,えごま　乾,5.6,1.7,19.1,20.8,-,-,-,-,-,
05,05005,0420,カシューナッツ　フライ　味付け,3.2,0.8,5.9,6.7,-,-,-,-,-,
05,05006,0421,かぼちゃ　いり　味付け,4.5,1.8,5.5,7.3,-,-,-,-,-,
05,05007,0422,かや　いり,1.2,2.5,15.7,18.2,-,-,-,-,-,
05,05008,0423,ぎんなん　生,57.4,0.2,1.4,1.6,-,-,-,-,-,
05,05009,0424,ぎんなん　ゆで,56.9,0.2,2.2,2.4,-,-,-,-,-,
05,05010,0425,（くり類）　日本ぐり　生,58.8,0.3,3.9,4.2,-,-,-,-,-,
05,05011,0426,（くり類）　日本ぐり　ゆで,58.4,0.3,6.3,6.6,-,-,-,-,-,
05,05012,0427,（くり類）　日本ぐり　甘露煮,40.8,0.3,2.5,2.8,-,-,-,-,-,
05,05013,0428,（くり類）　中国ぐり　甘ぐり,44.4,1.0,7.5,8.5,-,-,-,-,-,
05,05014,0429,くるみ　いり,3.1,0.6,6.9,7.5,-,-,-,-,-,
05,05015,0430,けし　乾,3.0,1.9,14.6,16.5,-,-,-,-,-,
05,05016,0431,ココナッツ　ココナッツパウダー,2.5,0.5,13.6,14.1,-,-,-,-,-,
05,05017,0432,ごま　乾,4.7,1.6,9.2,10.8,-,-,-,-,-,
05,05018,0433,ごま　いり,1.6,2.5,10.1,12.6,-,-,-,-,-,
05,05019,0434,ごま　むき,4.1,0.6,12.4,13.0,-,-,-,-,-,
05,05042,0435,ごま　ねり,0.5,1.8,9.4,11.2,-,-,-,-,-,
05,05020,0436,しい　生,37.3,0.7,2.6,3.3,-,-,-,-,-,
05,05021,0437,すいか　いり　味付け,5.9,1.1,6.0,7.1,-,-,-,-,-,
05,05046,0438,チアシード　乾,6.5,-,-,-,1.9,3.8,31.2,0.1,36.9,
05,05022,0439,とち　蒸し,58.0,1.0,5.6,6.6,-,-,-,-,-,
05,05023,0440,はす　未熟　生,77.5,0.3,2.3,2.6,-,-,-,-,-,
05,05024,0441,はす　成熟　乾,11.2,1.3,9.0,10.3,-,-,-,-,-,
05,05043,0442,はす　成熟　ゆで,66.1,0.6,4.4,5.0,-,-,-,-,-,
05,05025,0443,（ひし類）　ひし　生,51.8,0.5,2.4,2.9,-,-,-,-,-,
05,05047,0444,（ひし類）　とうびし　生,64.3,-,-,-,0.6,0.8,6.9,0.5,8.2,
05,05048,0445,（ひし類）　とうびし　ゆで,65.5,-,-,-,0.5,0.8,3.8,2.1,5.1,
05,05026,0446,ピスタチオ　いり　味付け,2.2,0.9,8.3,9.2,-,-,-,-,-,
05,05027,0447,ひまわり　フライ　味付け,2.6,0.8,6.1,6.9,1.7,0.5,5.7,0.1,7.9,
05,05028,0449,ブラジルナッツ　フライ　味付け,2.8,0.3,6.9,7.2,-,-,-,-,-,
05,05029,0450,ヘーゼルナッツ　フライ　味付け,1.0,0.9,6.5,7.4,-,-,-,-,-,
05,05030,0452,ペカン　フライ　味付け,1.9,0.7,6.4,7.1,-,-,-,-,-,
05,05031,0453,マカダミアナッツ　いり　味付け,1.3,Tr,6.2,6.2,-,-,-,-,-,
05,05032,0454,まつ　生,2.5,1.0,3.1,4.1,-,-,-,-,-,
05,05033,0455,まつ　いり,1.9,0.5,6.4,6.9,-,-,-,-,-,
05,05034,0456,らっかせい　大粒種　乾,6.0,0.5,7.0,7.4,0.7,0.6,7.2,0,8.5,
05,05035,0457,らっかせい　大粒種　いり,1.7,0.3,6.9,7.1,0.8,0.7,9.8,0.1,11.4,
05,05044,0458,らっかせい　小粒種　乾,6.0,0.4,7.0,7.4,-,-,-,-,-,
05,05045,0459,らっかせい　小粒種　いり,2.1,0.3,6.9,7.2,-,-,-,-,-,
05,05036,0460,らっかせい　バターピーナッツ,2.4,0.5,6.4,6.8,0.6,1.0,7.9,Tr,9.5,
05,05037,0461,らっかせい　ピーナッツバター,1.2,0.6,5.5,6.1,0.8,0.8,6.0,0.1,7.6,
06,06001,0462,アーティチョーク　花らい　生,85.1,6.1,2.6,8.7,-,-,-,-,-,
06,06002,0463,アーティチョーク　花らい　ゆで,85.9,6.3,2.3,8.6,-,-,-,-,-,
06,06402,0463-1,アイスプラント　生,96.2,-,-,-,Tr,0.2,0.5,-,0.8,
06,06003,0464,あさつき　葉　生,89.0,0.7,2.6,3.3,-,-,-,-,-,
06,06004,0465,あさつき　葉　ゆで,87.3,1.3,2.1,3.4,-,-,-,-,-,
06,06005,0466,あしたば　茎葉　生,88.6,1.5,4.1,5.6,-,-,-,-,-,
06,06006,0467,あしたば　茎葉　ゆで,89.5,1.4,3.9,5.3,-,-,-,-,-,
06,06007,0468,アスパラガス　若茎　生,92.6,0.4,1.4,1.8,-,-,-,-,-,
06,06008,0469,アスパラガス　若茎　ゆで,92.0,0.5,1.6,2.1,-,-,-,-,-,
06,06327,0470,アスパラガス　若茎　油いため,88.3,0.4,1.7,2.1,-,-,-,-,-,
06,06009,0471,アスパラガス　水煮缶詰,91.9,0.4,1.3,1.7,-,-,-,-,-,
06,06328,0472,アロエ　葉　生,99.0,0.1,0.3,0.4,-,-,-,-,-,
06,06010,0473,いんげんまめ　さやいんげん　若ざや　生,92.2,0.3,2.1,2.4,-,-,-,-,-,
06,06011,0474,いんげんまめ　さやいんげん　若ざや　ゆで,91.7,0.6,2.0,2.6,0.1,1.6,2.2,Tr,3.9,
06,06012,0475,（うど類）　うど　茎　生,94.4,0.3,1.1,1.4,-,-,-,-,-,
06,06013,0476,（うど類）　うど　茎　水さらし,95.7,0.3,1.3,1.6,-,-,-,-,-,
06,06014,0477,（うど類）　やまうど　茎　生,93.9,0.3,1.5,1.8,-,-,-,-,-,
06,06363,0478,うるい　葉　生,92.8,0.8,2.5,3.3,-,-,-,-,-,
06,06015,0479,えだまめ　生,71.7,0.4,4.6,5.0,-,-,-,-,-,
06,06016,0480,えだまめ　ゆで,72.1,0.5,4.1,4.6,-,-,-,-,-,
06,06017,0481,えだまめ　冷凍,67.1,1.4,5.9,7.3,-,-,-,-,-,
06,06018,0482,エンダイブ　葉　生,94.6,0.6,1.6,2.2,-,-,-,-,-,
06,06019,0483,（えんどう類）　トウミョウ　茎葉　生,90.9,0.2,3.1,3.3,-,-,-,-,-,
06,06329,0484,（えんどう類）　トウミョウ　芽ばえ　生,92.2,0.2,2.0,2.2,-,-,-,-,-,
06,06330,0485,（えんどう類）　トウミョウ　芽ばえ　ゆで,91.7,0.5,3.0,3.5,-,-,-,-,-,
06,06331,0486,（えんどう類）　トウミョウ　芽ばえ　油いため,84.3,0.5,2.4,3.0,-,-,-,-,-,
06,06020,0487,（えんどう類）　さやえんどう　若ざや　生,88.6,0.3,2.7,3.0,-,-,-,-,-,
06,06021,0488,（えんどう類）　さやえんどう　若ざや　ゆで,89.1,0.9,2.2,3.1,-,-,-,-,-,
06,06022,0489,（えんどう類）　スナップえんどう　若ざや　生,86.6,0.3,2.2,2.5,-,-,-,-,-,
06,06023,0490,（えんどう類）　グリンピース　生,76.5,0.6,7.1,7.7,-,-,-,-,-,
06,06024,0491,（えんどう類）　グリンピース　ゆで,72.2,0.9,7.7,8.6,-,-,-,-,-,
06,06025,0492,（えんどう類）　グリンピース　冷凍,75.7,0.6,5.3,5.8,0.8,1.5,7.1,1.2,9.3,
06,06374,0493,（えんどう類）　グリンピース　冷凍　ゆで,74.6,-,-,-,1.0,1.2,8.1,1.6,10.3,
06,06375,0494,（えんどう類）　グリンピース　冷凍　油いため,70.1,-,-,-,0.9,1.3,7.2,1.5,9.3,
06,06026,0495,（えんどう類）　グリンピース　水煮缶詰,74.9,0.8,6.1,6.9,-,-,-,-,-,
06,06027,0496,おおさかしろな　葉　生,94.9,0.2,1.6,1.8,-,-,-,-,-,
06,06028,0497,おおさかしろな　葉　ゆで,94.0,0.6,1.6,2.2,-,-,-,-,-,
06,06029,0498,おおさかしろな　塩漬,91.0,0.2,2.9,3.1,-,-,-,-,-,
06,06030,0499,おかひじき　茎葉　生,92.5,0.5,2.0,2.5,-,-,-,-,-,
06,06031,0500,おかひじき　茎葉　ゆで,92.9,0.5,2.2,2.7,-,-,-,-,-,
06,06032,0501,オクラ　果実　生,90.2,1.4,3.6,5.0,-,-,-,-,-,
06,06033,0502,オクラ　果実　ゆで,89.4,1.6,3.6,5.2,Tr,1.7,3.7,-,5.4,
06,06034,0503,かぶ　葉　生,92.3,0.3,2.6,2.9,-,-,-,-,-,
06,06035,0504,かぶ　葉　ゆで,92.2,0.5,3.2,3.7,-,-,-,-,-,
06,06036,0505,かぶ　根　皮つき　生,93.9,0.3,1.2,1.5,-,-,-,-,-,
06,06037,0506,かぶ　根　皮つき　ゆで,93.8,0.5,1.3,1.8,-,-,-,-,-,
06,06038,0507,かぶ　根　皮なし　生,93.9,0.3,1.1,1.4,-,-,-,-,-,
06,06039,0508,かぶ　根　皮なし　ゆで,93.7,0.5,1.2,1.7,-,-,-,-,-,
06,06040,0509,かぶ　漬物　塩漬　葉,87.9,0.8,2.8,3.6,-,-,-,-,-,
06,06041,0510,かぶ　漬物　塩漬　根　皮つき,90.5,0.5,1.4,1.9,-,-,-,-,-,
06,06042,0511,かぶ　漬物　塩漬　根　皮なし,89.4,0.4,1.6,2.0,-,-,-,-,-,
06,06043,0512,かぶ　漬物　ぬかみそ漬　葉,83.5,0.8,3.2,4.0,-,-,-,-,-,
06,06044,0513,かぶ　漬物　ぬかみそ漬　根　皮つき,89.5,0.5,1.5,2.0,-,-,-,-,-,
06,06045,0514,かぶ　漬物　ぬかみそ漬　根　皮なし,83.5,0.7,1.1,1.8,-,-,-,-,-,
06,06046,0515,（かぼちゃ類）　日本かぼちゃ　果実　生,86.7,0.7,2.1,2.8,-,-,-,-,-,
06,06047,0516,（かぼちゃ類）　日本かぼちゃ　果実　ゆで,84.0,0.8,2.8,3.6,0.1,1.1,1.8,-,3.0,
06,06048,0517,（かぼちゃ類）　西洋かぼちゃ　果実　生,76.2,0.9,2.6,3.5,-,-,-,-,-,
06,06049,0518,（かぼちゃ類）　西洋かぼちゃ　果実　ゆで,75.7,0.9,3.2,4.1,-,-,-,-,-,
06,06332,0519,（かぼちゃ類）　西洋かぼちゃ　果実　焼き,68.2,1.3,3.9,5.3,-,-,-,-,-,
06,06050,0520,（かぼちゃ類）　西洋かぼちゃ　果実　冷凍,78.1,0.9,3.3,4.2,-,-,-,-,-,
06,06051,0521,（かぼちゃ類）　そうめんかぼちゃ　果実　生,92.4,0.3,1.2,1.5,-,-,-,-,-,
06,06052,0522,からしな　葉　生,90.3,0.9,2.8,3.7,-,-,-,-,-,
06,06053,0523,からしな　塩漬,84.5,1.0,4.0,5.0,-,-,-,-,-,
06,06054,0524,カリフラワー　花序　生,90.8,0.4,2.5,2.9,-,-,-,-,-,
06,06055,0525,カリフラワー　花序　ゆで,91.5,0.7,2.5,3.2,-,-,-,-,-,
06,06056,0526,かんぴょう　乾,19.8,6.8,23.3,30.1,-,-,-,-,-,
06,06057,0527,かんぴょう　ゆで,91.6,1.9,3.4,5.3,-,-,-,-,-,
06,06364,0528,かんぴょう　甘煮,57.6,2.6,2.9,5.5,-,-,-,-,-,
06,06058,0529,きく　花びら　生,91.5,0.8,2.6,3.4,-,-,-,-,-,
06,06059,0530,きく　花びら　ゆで,92.9,0.8,2.1,2.9,-,-,-,-,-,
06,06060,0531,きく　菊のり,9.5,8.2,21.4,29.6,-,-,-,-,-,
06,06061,0532,（キャベツ類）　キャベツ　結球葉　生,92.9,0.4,1.4,1.8,0.1,0.2,1.5,-,1.8,
06,06062,0533,（キャベツ類）　キャベツ　結球葉　ゆで,93.9,0.5,1.5,2.0,-,-,-,-,-,
06,06333,0534,（キャベツ類）　キャベツ　結球葉　油いため,85.7,0.6,1.6,2.2,-,-,-,-,-,
06,06403,0534-1,（キャベツ類）　キャベツ　結球葉　カット　常法洗浄,94.8,-,-,-,Tr,0.2,1.7,-,1.9,
06,06404,0534-2,（キャベツ類）　キャベツ　結球葉　カット　次亜塩素酸洗浄,95.1,-,-,-,0.1,0.3,1.7,-,2.0,
06,06063,0535,（キャベツ類）　グリーンボール　結球葉　生,93.4,0.3,1.3,1.6,-,-,-,-,-,
06,06064,0536,（キャベツ類）　レッドキャベツ　結球葉　生,90.4,0.6,2.2,2.8,-,-,-,-,-,
06,06065,0537,きゅうり　果実　生,95.4,0.2,0.9,1.1,-,-,-,-,-,
06,06066,0538,きゅうり　漬物　塩漬,92.1,0.3,1.0,1.3,-,-,-,-,-,
06,06067,0539,きゅうり　漬物　しょうゆ漬,81.0,0.7,2.7,3.4,-,-,-,-,-,
06,06068,0540,きゅうり　漬物　ぬかみそ漬,85.6,0.4,1.1,1.5,-,-,-,-,-,
06,06069,0541,きゅうり　漬物　ピクルス　スイート型,80.0,0.3,1.4,1.7,-,-,-,-,-,
06,06070,0542,きゅうり　漬物　ピクルス　サワー型,93.4,0.3,1.1,1.4,-,-,-,-,-,
06,06071,0543,ぎょうじゃにんにく　葉　生,88.8,0.5,2.8,3.3,-,-,-,-,-,
06,06075,0544,キンサイ　茎葉　生,93.5,0.3,2.2,2.5,-,-,-,-,-,
06,06076,0545,キンサイ　茎葉　ゆで,93.6,0.6,2.3,2.9,-,-,-,-,-,
06,06077,0546,クレソン　茎葉　生,94.1,0.2,2.3,2.5,-,-,-,-,-,
06,06078,0547,くわい　塊茎　生,65.5,0.6,1.8,2.4,-,-,-,-,-,
06,06079,0548,くわい　塊茎　ゆで,65.0,0.8,2.0,2.8,-,-,-,-,-,
06,06080,0549,ケール　葉　生,90.2,0.5,3.2,3.7,-,-,-,-,-,
06,06081,0550,コールラビ　球茎　生,93.2,0.3,1.6,1.9,-,-,-,-,-,
06,06082,0551,コールラビ　球茎　ゆで,93.1,0.7,1.6,2.3,-,-,-,-,-,
06,06083,0552,こごみ　若芽　生,90.7,0.5,4.7,5.2,-,-,-,-,-,
06,06084,0553,（ごぼう類）　ごぼう　根　生,81.7,2.3,3.4,5.7,-,-,-,-,-,
06,06085,0554,（ごぼう類）　ごぼう　根　ゆで,83.9,2.7,3.4,6.1,-,-,-,-,-,
06,06405,0554-1,（ごぼう類）　堀川ごぼう　根　生,75.7,-,-,-,6.1,6.4,5.8,Tr,18.3,
06,06086,0555,こまつな　葉　生,94.1,0.4,1.5,1.9,-,-,-,-,-,
06,06087,0556,こまつな　葉　ゆで,94.0,0.6,1.8,2.4,-,-,-,-,-,
06,06385,0557,コリアンダー　葉　生,92.4,-,-,-,Tr,0.8,3.3,-,4.2,
06,06088,0558,ザーサイ　漬物,77.6,0.9,3.7,4.6,-,-,-,-,-,
06,06089,0559,さんとうさい　葉　生,94.7,0.4,1.8,2.2,-,-,-,-,-,
06,06090,0560,さんとうさい　葉　ゆで,94.3,0.7,1.8,2.5,-,-,-,-,-,
06,06091,0561,さんとうさい　塩漬,90.3,0.5,2.5,3.0,-,-,-,-,-,
06,06092,0562,しかくまめ　若ざや　生,92.8,0.2,3.0,3.2,-,-,-,-,-,
06,06093,0563,（ししとう類）　ししとう　果実　生,91.4,0.3,3.3,3.6,-,-,-,-,-,
06,06094,0564,（ししとう類）　ししとう　果実　油いため,88.3,0.3,3.3,3.6,-,-,-,-,-,
06,06406,0564-1,（ししとう類）　万願寺とうがらし　果実　生,91.6,-,-,0,0.1,0.6,2.4,0,3.2,
06,06095,0565,しそ　葉　生,86.7,0.8,6.5,7.3,-,-,-,-,-,
06,06096,0566,しそ　実　生,85.7,0.8,8.1,8.9,-,-,-,-,-,
06,06097,0567,じゅうろくささげ　若ざや　生,91.9,0.3,3.9,4.2,-,-,-,-,-,
06,06098,0568,じゅうろくささげ　若ざや　ゆで,90.2,1.2,3.3,4.5,-,-,-,-,-,
06,06099,0569,しゅんぎく　葉　生,91.8,0.8,2.4,3.2,-,-,-,-,-,
06,06100,0570,しゅんぎく　葉　ゆで,91.1,1.1,2.6,3.7,-,-,-,-,-,
06,06101,0571,じゅんさい　若葉　水煮びん詰,98.6,0.4,0.6,1.0,-,-,-,-,-,
06,06102,0572,（しょうが類）　葉しょうが　根茎　生,96.3,0.1,1.5,1.6,-,-,-,-,-,
06,06103,0573,（しょうが類）　しょうが　根茎　皮なし　生,91.4,0.2,1.9,2.1,-,-,-,-,-,
06,06365,0574,（しょうが類）　しょうが　根茎　皮なし　生　おろし,81.6,0.2,7.3,7.4,-,-,-,-,-,
06,06366,0575,（しょうが類）　しょうが　根茎　皮なし　生　おろし汁,95.1,0.2,0.2,0.3,-,-,-,-,-,
06,06104,0576,（しょうが類）　しょうが　漬物　酢漬,89.2,0.2,2.0,2.2,-,-,-,-,-,
06,06105,0577,（しょうが類）　しょうが　漬物　甘酢漬,86.0,0.2,1.6,1.8,-,-,-,-,-,
06,06386,0578,（しょうが類）　新しょうが　根茎　生,96.0,-,-,-,0,0.2,1.7,Tr,1.9,
06,06106,0579,しろうり　果実　生,95.3,0.2,1.0,1.2,-,-,-,-,-,
06,06107,0580,しろうり　漬物　塩漬,92.8,0.3,1.9,2.2,-,-,-,-,-,
06,06108,0581,しろうり　漬物　奈良漬,44.0,0.8,1.8,2.6,-,-,-,-,-,
06,06109,0582,ずいき　生ずいき　生,94.5,0.4,1.2,1.6,-,-,-,-,-,
06,06110,0583,ずいき　生ずいき　ゆで,96.1,0.3,1.8,2.1,-,-,-,-,-,
06,06111,0584,ずいき　干しずいき　乾,9.9,4.8,21.0,25.8,-,-,-,-,-,
06,06112,0585,ずいき　干しずいき　ゆで,95.5,0.3,2.8,3.1,-,-,-,-,-,
06,06387,0586,すいぜんじな　葉　生,93.1,-,-,-,Tr,1.5,2.4,-,4.0,
06,06113,0587,すぐきな　葉　生,90.5,0.7,3.3,4.0,-,-,-,-,-,
06,06114,0588,すぐきな　根　生,93.7,0.6,1.1,1.7,-,-,-,-,-,
06,06115,0589,すぐきな　すぐき漬,87.4,0.9,4.3,5.2,-,-,-,-,-,
06,06116,0590,ズッキーニ　果実　生,94.9,0.2,1.1,1.3,-,-,-,-,-,
06,06117,0591,せり　茎葉　生,93.4,0.4,2.1,2.5,-,-,-,-,-,
06,06118,0592,せり　茎葉　ゆで,93.6,0.6,2.2,2.8,-,-,-,-,-,
06,06119,0593,セロリ　葉柄　生,94.7,0.3,1.2,1.5,-,-,-,-,-,
06,06120,0594,ぜんまい　生ぜんまい　若芽　生,90.9,0.7,3.1,3.8,-,-,-,-,-,
06,06121,0595,ぜんまい　生ぜんまい　若芽　ゆで,94.2,0.6,2.9,3.5,-,-,-,-,-,
06,06122,0596,ぜんまい　干しぜんまい　干し若芽　乾,8.5,6.1,28.7,34.8,-,-,-,-,-,
06,06123,0597,ぜんまい　干しぜんまい　干し若芽　ゆで,91.2,0.7,4.5,5.2,-,-,-,-,-,
06,06124,0598,そらまめ　未熟豆　生,72.3,0.2,2.4,2.6,-,-,-,-,-,
06,06125,0599,そらまめ　未熟豆　ゆで,71.3,0.4,3.6,4.0,-,-,-,-,-,
06,06126,0600,タアサイ　葉　生,94.3,0.2,1.7,1.9,-,-,-,-,-,
06,06127,0601,タアサイ　葉　ゆで,95.0,0.3,1.8,2.1,-,-,-,-,-,
06,06128,0602,（だいこん類）　かいわれだいこん　芽ばえ　生,93.4,0.3,1.6,1.9,-,-,-,-,-,
06,06129,0603,（だいこん類）　葉だいこん　葉　生,92.6,0.5,2.1,2.6,-,-,-,-,-,
06,06130,0604,（だいこん類）　だいこん　葉　生,90.6,0.8,3.2,4.0,-,-,-,-,-,
06,06131,0605,（だいこん類）　だいこん　葉　ゆで,91.3,0.8,2.8,3.6,-,-,-,-,-,
06,06132,0606,（だいこん類）　だいこん　根　皮つき　生,94.6,0.5,0.9,1.4,-,-,-,-,-,
06,06133,0607,（だいこん類）　だいこん　根　皮つき　ゆで,94.4,0.5,1.1,1.6,-,-,-,-,-,
06,06134,0608,（だいこん類）　だいこん　根　皮なし　生,94.6,0.5,0.8,1.3,-,-,-,-,-,
06,06367,0609,（だいこん類）　だいこん　根　皮なし　生　おろし,90.5,1.4,3.7,5.1,-,-,-,-,-,
06,06368,0610,（だいこん類）　だいこん　根　皮なし　生　おろし汁,96.5,Tr,Tr,0.1,-,-,-,-,-,
06,06369,0611,（だいこん類）　だいこん　根　皮なし　生　おろし水洗い,91.4,1.0,3.8,4.7,-,-,-,-,-,
06,06135,0612,（だいこん類）　だいこん　根　皮なし　ゆで,94.8,0.8,0.9,1.7,-,-,-,-,-,
06,06136,0613,（だいこん類）　切干しだいこん　乾,8.4,5.2,16.1,21.3,-,-,-,-,-,
06,06334,0614,（だいこん類）　切干しだいこん　ゆで,94.6,0.6,3.2,3.7,-,-,-,-,-,
06,06335,0615,（だいこん類）　切干しだいこん　油いため,84.5,1.5,4.1,5.6,-,-,-,-,-,
06,06388,0616,（だいこん類）　漬物　いぶりがっこ,73.8,-,-,-,0.3,1.0,5.8,-,7.1,
06,06137,0617,（だいこん類）　漬物　ぬかみそ漬,87.1,0.7,1.1,1.8,-,-,-,-,-,
06,06138,0618,（だいこん類）　漬物　たくあん漬　塩押しだいこん漬,85.0,0.7,1.6,2.3,-,-,-,-,-,
06,06139,0619,（だいこん類）　漬物　たくあん漬　干しだいこん漬,88.8,0.6,3.1,3.7,-,-,-,-,-,
06,06140,0620,（だいこん類）　漬物　守口漬,46.2,1.0,2.3,3.3,-,-,-,-,-,
06,06141,0621,（だいこん類）　漬物　べったら漬,83.1,0.6,1.0,1.6,-,-,-,-,-,
06,06142,0622,（だいこん類）　漬物　みそ漬,79.0,0.5,1.6,2.1,-,-,-,-,-,
06,06143,0623,（だいこん類）　漬物　福神漬,58.6,0.8,3.1,3.9,-,-,-,-,-,
06,06144,0624,（たいさい類）　つまみな　葉　生,92.3,0.3,2.0,2.3,-,-,-,-,-,
06,06145,0625,（たいさい類）　たいさい　葉　生,93.7,0.4,1.2,1.6,-,-,-,-,-,
06,06146,0626,（たいさい類）　たいさい　塩漬,90.9,0.2,2.3,2.5,-,-,-,-,-,
06,06147,0627,たかな　葉　生,92.7,0.8,1.7,2.5,-,-,-,-,-,
06,06148,0628,たかな　たかな漬,87.2,0.8,3.2,4.0,-,-,-,-,-,
06,06149,0629,たけのこ　若茎　生,90.8,0.3,2.5,2.8,-,-,-,-,-,
06,06150,0630,たけのこ　若茎　ゆで,89.9,0.4,2.9,3.3,-,-,-,-,-,
06,06151,0631,たけのこ　水煮缶詰,92.8,0.5,1.8,2.3,-,-,-,-,-,
06,06152,0632,たけのこ　めんま　塩蔵　塩抜き,93.9,0.3,3.2,3.5,-,-,-,-,-,
06,06153,0633,（たまねぎ類）　たまねぎ　りん茎　生,90.1,0.4,1.0,1.5,-,-,-,-,-,
06,06154,0634,（たまねぎ類）　たまねぎ　りん茎　水さらし,93.0,0.5,1.0,1.5,-,-,-,-,-,
06,06155,0635,（たまねぎ類）　たまねぎ　りん茎　ゆで,91.5,0.7,1.0,1.7,-,-,-,-,-,
06,06336,0636,（たまねぎ類）　たまねぎ　りん茎　油いため,80.1,1.7,0.9,2.7,-,-,-,-,-,
06,06156,0638,（たまねぎ類）　赤たまねぎ　りん茎　生,89.6,0.6,1.1,1.7,-,-,-,-,-,
06,06337,0639,（たまねぎ類）　葉たまねぎ　りん茎及び葉　生,89.5,0.7,2.3,3.0,-,-,-,-,-,
06,06157,0640,たらのめ　若芽　生,90.2,1.1,3.1,4.2,-,-,-,-,-,
06,06158,0641,たらのめ　若芽　ゆで,90.8,1.1,2.5,3.6,-,-,-,-,-,
06,06159,0642,チコリ　若芽　生,94.7,0.2,0.9,1.1,-,-,-,-,-,
06,06376,0643,ちぢみゆきな　葉　生,88.1,1.3,2.6,3.9,-,-,-,-,-,
06,06377,0644,ちぢみゆきな　葉　ゆで,89.1,1.5,2.8,4.3,-,-,-,-,-,
06,06160,0645,チンゲンサイ　葉　生,96.0,0.2,1.0,1.2,-,-,-,-,-,
06,06161,0646,チンゲンサイ　葉　ゆで,95.3,0.3,1.2,1.5,-,-,-,-,-,
06,06338,0647,チンゲンサイ　葉　油いため,92.6,0.4,1.0,1.4,-,-,-,-,-,
06,06162,0648,つくし　胞子茎　生,86.9,1.2,6.9,8.1,-,-,-,-,-,
06,06163,0649,つくし　胞子茎　ゆで,88.9,1.1,5.6,6.7,-,-,-,-,-,
06,06164,0650,つるな　茎葉　生,93.8,0.5,1.8,2.3,-,-,-,-,-,
06,06390,0651,つるにんじん　根　生,77.7,-,-,-,8.2,2.5,6.4,-,17.1,
06,06165,0652,つるむらさき　茎葉　生,95.1,0.6,1.6,2.2,-,-,-,-,-,
06,06166,0653,つるむらさき　茎葉　ゆで,94.5,0.5,2.6,3.1,-,-,-,-,-,
06,06167,0654,つわぶき　葉柄　生,93.3,0.4,2.1,2.5,-,-,-,-,-,
06,06168,0655,つわぶき　葉柄　ゆで,95.0,0.2,2.1,2.3,-,-,-,-,-,
06,06169,0656,とうがらし　葉･果実　生,86.7,0.7,5.0,5.7,-,-,-,-,-,
06,06170,0657,とうがらし　葉･果実　油いため,79.5,0.8,5.5,6.3,-,-,-,-,-,
06,06171,0658,とうがらし　果実　生,75.0,1.4,8.9,10.3,-,-,-,-,-,
06,06172,0659,とうがらし　果実　乾,8.8,5.4,41.0,46.4,-,-,-,-,-,
06,06173,0660,とうがん　果実　生,95.2,0.4,0.9,1.3,-,-,-,-,-,
06,06174,0661,とうがん　果実　ゆで,95.3,0.5,1.0,1.5,-,-,-,-,-,
06,06175,0662,（とうもろこし類）　スイートコーン　未熟種子　生,77.1,0.3,2.7,3.0,-,-,-,-,-,
06,06176,0663,（とうもろこし類）　スイートコーン　未熟種子　ゆで,75.4,0.3,2.8,3.1,-,-,-,-,-,
06,06339,0664,（とうもろこし類）　スイートコーン　未熟種子　電子レンジ調理,73.5,0.3,3.1,3.4,-,-,-,-,-,
06,06177,0665,（とうもろこし類）　スイートコーン　未熟種子　穂軸つき　冷凍,75.6,0.3,2.5,2.8,-,-,-,-,-,
06,06178,0666,（とうもろこし類）　スイートコーン　未熟種子　カーネル　冷凍,75.5,0.2,2.6,2.8,0.1,0.6,4.1,0.2,4.8,
06,06378,0667,（とうもろこし類）　スイートコーン　未熟種子　カーネル　冷凍　ゆで,76.5,-,-,-,0.1,0.6,5.5,0.2,6.2,
06,06379,0668,（とうもろこし類）　スイートコーン　未熟種子　カーネル　冷凍　油いため,71.8,-,-,-,0.1,0.6,4.0,0.3,4.7,
06,06179,0669,（とうもろこし類）　スイートコーン　缶詰　クリームスタイル,78.2,0.2,1.6,1.8,-,-,-,-,-,
06,06180,0670,（とうもろこし類）　スイートコーン　缶詰　ホールカーネルスタイル,78.4,0.7,2.6,3.3,-,-,-,-,-,
06,06181,0671,（とうもろこし類）　ヤングコーン　幼雌穂　生,90.9,0.2,2.5,2.7,-,-,-,-,-,
06,06182,0672,（トマト類）　赤色トマト　果実　生,94.0,0.3,0.7,1.0,-,-,-,-,-,
06,06183,0673,（トマト類）　赤色ミニトマト　果実　生,91.0,0.4,1.0,1.4,-,-,-,-,-,
06,06391,0674,（トマト類）　黄色トマト　果実　生,94.7,-,-,-,Tr,0.3,0.9,-,1.3,
06,06370,0675,（トマト類）　ドライトマト,9.5,6.4,15.3,21.7,-,-,-,-,-,
06,06184,0676,（トマト類）　加工品　ホール　食塩無添加,93.3,0.5,0.8,1.3,-,-,-,-,-,
06,06185,0677,（トマト類）　加工品　トマトジュース　食塩添加,94.1,0.3,0.4,0.7,-,-,-,-,-,
06,06340,0678,（トマト類）　加工品　トマトジュース　食塩無添加,94.1,0.3,0.4,0.7,-,-,-,-,-,
06,06186,0679,（トマト類）　加工品　ミックスジュース　食塩添加,94.2,0.4,0.3,0.7,-,-,-,-,-,
06,06341,0680,（トマト類）　加工品　ミックスジュース　食塩無添加,94.2,0.4,0.3,0.7,-,-,-,-,-,
06,06187,0681,トレビス　葉　生,94.1,0.5,1.5,2.0,-,-,-,-,-,
06,06188,0682,とんぶり　ゆで,76.7,0.6,6.5,7.1,-,-,-,-,-,
06,06189,0683,ながさきはくさい　葉　生,93.9,0.4,1.8,2.2,-,-,-,-,-,
06,06190,0684,ながさきはくさい　葉　ゆで,93.2,0.7,1.7,2.4,-,-,-,-,-,
06,06191,0685,（なす類）　なす　果実　生,93.2,0.3,1.9,2.2,-,-,-,-,-,
06,06192,0686,（なす類）　なす　果実　ゆで,94.0,0.7,1.4,2.1,-,-,-,-,-,
06,06342,0687,（なす類）　なす　果実　油いため,85.8,0.9,1.8,2.6,-,-,-,-,-,
06,06343,0688,（なす類）　なす　果実　天ぷら,71.9,0.7,1.3,1.9,-,-,-,-,-,
06,06193,0689,（なす類）　べいなす　果実　生,93.0,0.3,2.1,2.4,-,-,-,-,-,
06,06194,0690,（なす類）　べいなす　果実　素揚げ,74.8,0.7,1.1,1.8,-,-,-,-,-,
06,06195,0691,（なす類）　漬物　塩漬,90.4,0.5,2.2,2.7,-,-,-,-,-,
06,06196,0692,（なす類）　漬物　ぬかみそ漬,88.7,0.6,2.1,2.7,-,-,-,-,-,
06,06197,0693,（なす類）　漬物　こうじ漬,69.1,0.8,3.4,4.2,-,-,-,-,-,
06,06198,0694,（なす類）　漬物　からし漬,61.2,1.0,3.2,4.2,-,-,-,-,-,
06,06199,0695,（なす類）　漬物　しば漬,86.4,0.6,3.8,4.4,-,-,-,-,-,
06,06200,0696,なずな　葉　生,86.8,0.5,4.9,5.4,-,-,-,-,-,
06,06201,0697,（なばな類）　和種なばな　花らい・茎　生,88.4,0.7,3.5,4.2,-,-,-,-,-,
06,06202,0698,（なばな類）　和種なばな　花らい・茎　ゆで,90.2,1.3,3.0,4.3,-,-,-,-,-,
06,06203,0699,（なばな類）　洋種なばな　茎葉　生,88.3,0.7,3.0,3.7,-,-,-,-,-,
06,06204,0700,（なばな類）　洋種なばな　茎葉　ゆで,90.0,1.1,3.0,4.1,-,-,-,-,-,
06,06205,0701,にがうり　果実　生,94.4,0.5,2.1,2.6,-,-,-,-,-,
06,06206,0702,にがうり　果実　油いため,90.3,0.5,2.3,2.8,-,-,-,-,-,
06,06207,0703,（にら類）　にら　葉　生,92.6,0.5,2.2,2.7,-,-,-,-,-,
06,06208,0704,（にら類）　にら　葉　ゆで,89.8,0.8,3.5,4.3,-,-,-,-,-,
06,06344,0705,（にら類）　にら　葉　油いため,85.8,1.3,2.2,3.5,-,-,-,-,-,
06,06209,0706,（にら類）　花にら　花茎・花らい　生,91.4,0.5,2.3,2.8,-,-,-,-,-,
06,06210,0707,（にら類）　黄にら　葉　生,94.0,0.4,1.6,2.0,-,-,-,-,-,
06,06211,0708,（にんじん類）　葉にんじん　葉　生,93.5,0.5,2.2,2.7,-,-,-,-,-,
06,06212,0709,（にんじん類）　にんじん　根　皮つき　生,89.1,0.7,2.1,2.8,-,-,-,-,-,
06,06213,0710,（にんじん類）　にんじん　根　皮つき　ゆで,90.2,1.0,1.9,3.0,-,-,-,-,-,
06,06214,0711,（にんじん類）　にんじん　根　皮なし　生,89.6,0.8,1.9,2.7,0.1,0.6,2.0,-,2.8,
06,06215,0712,（にんじん類）　にんじん　根　皮なし　ゆで,90.0,0.8,2.0,2.8,-,-,-,-,-,
06,06345,0713,（にんじん類）　にんじん　根　皮なし　油いため,79.1,1.0,2.1,3.1,-,-,-,-,-,
06,06346,0714,（にんじん類）　にんじん　根　皮なし　素揚げ,80.6,0.3,0.8,1.1,-,-,-,-,-,
06,06407,0714-1,（にんじん類）　にんじん　根　皮なし　カット　常法洗浄,91.5,-,-,-,0.1,0.6,2.1,-,2.7,
06,06408,0714-2,（にんじん類）　にんじん　根　皮なし　カット　次亜塩素酸洗浄,91.5,-,-,-,0.1,0.5,2.1,-,2.6,
06,06347,0715,（にんじん類）　にんじん　根　皮　生,90.4,1.3,2.5,3.8,-,-,-,-,-,
06,06216,0716,（にんじん類）　にんじん　根　冷凍,90.2,1.0,1.8,2.9,0.1,1.1,2.9,0,4.1,
06,06380,0717,（にんじん類）　にんじん　根　冷凍　ゆで,91.7,-,-,-,Tr,1.5,1.9,0,3.5,
06,06381,0718,（にんじん類）　にんじん　根　冷凍　油いため,85.2,-,-,-,0.1,1.5,2.7,0,4.2,
06,06348,0719,（にんじん類）　にんじん　グラッセ,83.8,1.4,1.2,2.6,-,-,-,-,-,
06,06217,0720,（にんじん類）　にんじん　ジュース　缶詰,92.0,0.2,0,0.2,-,-,-,-,-,
06,06218,0721,（にんじん類）　きんとき　根　皮つき　生,87.3,1.5,2.4,3.9,-,-,-,-,-,
06,06219,0722,（にんじん類）　きんとき　根　皮つき　ゆで,87.7,2.0,2.3,4.3,-,-,-,-,-,
06,06220,0723,（にんじん類）　きんとき　根　皮なし　生,87.1,1.4,2.2,3.6,-,-,-,-,-,
06,06221,0724,（にんじん類）　きんとき　根　皮なし　ゆで,87.1,1.9,2.2,4.1,-,-,-,-,-,
06,06409,0724-1,（にんじん類）　島にんじん　根　皮なし　生,88.9,-,-,-,0.1,1.1,2.7,0,3.9,
06,06222,0725,（にんじん類）　ミニキャロット　根　生,90.9,0.6,2.1,2.7,-,-,-,-,-,
06,06223,0726,（にんにく類）　にんにく　りん茎　生,63.9,4.1,2.1,6.2,-,-,-,-,-,
06,06349,0727,（にんにく類）　にんにく　りん茎　油いため,53.7,4.5,2.3,6.8,-,-,-,-,-,
06,06224,0728,（にんにく類）　茎にんにく　花茎　生,86.7,0.7,3.1,3.8,-,-,-,-,-,
06,06225,0729,（にんにく類）　茎にんにく　花茎　ゆで,86.9,1.0,2.8,3.8,-,-,-,-,-,
06,06226,0730,（ねぎ類）　根深ねぎ　葉　軟白　生,89.6,0.3,2.2,2.5,-,-,-,-,-,
06,06350,0731,（ねぎ類）　根深ねぎ　葉　軟白　ゆで,91.4,1.0,1.5,2.5,-,-,-,-,-,
06,06351,0732,（ねぎ類）　根深ねぎ　葉　軟白　油いため,83.9,0.9,1.7,2.7,-,-,-,-,-,
06,06227,0733,（ねぎ類）　葉ねぎ　葉　生,90.5,0.3,2.9,3.2,-,-,-,-,-,
06,06352,0734,（ねぎ類）　葉ねぎ　葉　油いため,83.9,1.7,2.1,3.9,-,-,-,-,-,
06,06410,0734-1,（ねぎ類）　九条ねぎ　葉　生,90.0,-,-,-,0.4,0.4,2.5,0,3.3,
06,06228,0735,（ねぎ類）　こねぎ　葉　生,91.3,0.2,2.3,2.5,-,-,-,-,-,
06,06411,0735-1,（ねぎ類）　めねぎ　葉　生,94.9,-,-,-,Tr,0.2,1.6,0,1.8,
06,06229,0736,のざわな　葉　生,94.0,0.5,1.5,2.0,-,-,-,-,-,
06,06230,0737,のざわな　漬物　塩漬,91.8,0.2,2.3,2.5,-,-,-,-,-,
06,06231,0738,のざわな　漬物　調味漬,89.5,0.5,2.6,3.1,-,-,-,-,-,
06,06232,0739,のびる　りん茎葉　生,80.2,3.3,3.6,6.9,-,-,-,-,-,
06,06233,0740,はくさい　結球葉　生,95.2,0.3,1.0,1.3,-,-,-,-,-,
06,06234,0741,はくさい　結球葉　ゆで,95.4,0.4,1.0,1.4,-,-,-,-,-,
06,06235,0742,はくさい　漬物　塩漬,92.1,0.3,1.5,1.8,-,-,-,-,-,
06,06236,0743,はくさい　漬物　キムチ,88.4,0.6,1.6,2.2,-,-,-,-,-,
06,06237,0744,パクチョイ　葉　生,94.0,0.4,1.4,1.8,-,-,-,-,-,
06,06238,0745,バジル　葉　生,91.5,0.9,3.1,4.0,-,-,-,-,-,
06,06239,0746,パセリ　葉　生,84.7,0.6,6.2,6.8,-,-,-,-,-,
06,06240,0747,はつかだいこん　根　生,95.3,0.2,1.0,1.2,-,-,-,-,-,
06,06392,0748,はなっこりー　生,89.5,-,-,-,0.1,0.3,2.8,-,3.1,
06,06241,0749,はやとうり　果実　白色種　生,94.0,0.2,1.0,1.2,-,-,-,-,-,
06,06242,0750,はやとうり　果実　白色種　塩漬,91.0,0.3,1.3,1.6,-,-,-,-,-,
06,06353,0751,はやとうり　果実　緑色種　生,94.0,0.2,1.0,1.2,-,-,-,-,-,
06,06243,0752,ビーツ　根　生,87.6,0.7,2.0,2.7,-,-,-,-,-,
06,06244,0753,ビーツ　根　ゆで,86.9,0.8,2.1,2.9,-,-,-,-,-,
06,06245,0754,（ピーマン類）　青ピーマン　果実　生,93.4,0.6,1.7,2.3,-,-,-,-,-,
06,06246,0755,（ピーマン類）　青ピーマン　果実　油いため,89.0,0.6,1.8,2.4,-,-,-,-,-,
06,06247,0756,（ピーマン類）　赤ピーマン　果実　生,91.1,0.5,1.1,1.6,-,-,-,-,-,
06,06248,0757,（ピーマン類）　赤ピーマン　果実　油いため,86.6,0.5,1.1,1.6,-,-,-,-,-,
06,06393,0758,（ピーマン類）　オレンジピーマン　果実　生,94.2,-,-,-,Tr,0.9,0.9,-,1.8,
06,06249,0760,（ピーマン類）　黄ピーマン　果実　生,92.0,0.4,0.9,1.3,-,-,-,-,-,
06,06250,0761,（ピーマン類）　黄ピーマン　果実　油いため,87.6,0.4,0.9,1.3,-,-,-,-,-,
06,06251,0762,（ピーマン類）　トマピー　果実　生,90.9,0.6,1.0,1.6,-,-,-,-,-,
06,06252,0763,ひのな　根・茎葉　生,92.5,0.7,2.3,3.0,-,-,-,-,-,
06,06253,0764,ひのな　根・茎葉　甘酢漬,76.4,0.9,3.8,4.7,-,-,-,-,-,
06,06254,0765,ひろしまな　葉　生,92.7,0.4,2.0,2.4,-,-,-,-,-,
06,06255,0766,ひろしまな　塩漬,92.7,0.8,1.6,2.4,-,-,-,-,-,
06,06256,0767,（ふき類）　ふき　葉柄　生,95.8,0.1,1.2,1.3,-,-,-,-,-,
06,06257,0768,（ふき類）　ふき　葉柄　ゆで,97.4,0.1,1.0,1.1,-,-,-,-,-,
06,06258,0769,（ふき類）　ふきのとう　花序　生,85.5,1.0,5.4,6.4,-,-,-,-,-,
06,06259,0770,（ふき類）　ふきのとう　花序　ゆで,89.2,0.9,3.3,4.2,-,-,-,-,-,
06,06260,0771,ふじまめ　若ざや　生,89.2,0.5,3.9,4.4,-,-,-,-,-,
06,06261,0772,ふだんそう　葉　生,92.2,0.5,2.8,3.3,-,-,-,-,-,
06,06262,0773,ふだんそう　葉　ゆで,90.4,0.5,3.3,3.8,-,-,-,-,-,
06,06263,0774,ブロッコリー　花序　生,86.2,0.9,4.3,5.1,-,-,-,-,-,
06,06264,0775,ブロッコリー　花序　ゆで,89.9,1.0,3.3,4.3,-,-,-,-,-,
06,06354,0779,ブロッコリー　芽ばえ　生,94.3,0.3,1.5,1.8,-,-,-,-,-,
06,06265,0780,へちま　果実　生,94.9,0.5,0.5,1.0,-,-,-,-,-,
06,06266,0781,へちま　果実　ゆで,94.2,0.6,0.9,1.5,-,-,-,-,-,
06,06267,0782,ほうれんそう　葉　通年平均　生,92.4,0.7,2.1,2.8,-,-,-,-,-,
06,06268,0783,ほうれんそう　葉　通年平均　ゆで,91.5,0.6,3.0,3.6,-,-,-,-,-,
06,06359,0784,ほうれんそう　葉　通年平均　油いため,82.0,0.8,3.8,4.6,-,-,-,-,-,
06,06355,0785,ほうれんそう　葉　夏採り　生,92.4,0.7,2.1,2.8,-,-,-,-,-,
06,06357,0786,ほうれんそう　葉　夏採り　ゆで,91.5,0.6,3.0,3.6,-,-,-,-,-,
06,06356,0787,ほうれんそう　葉　冬採り　生,92.4,0.7,2.1,2.8,-,-,-,-,-,
06,06358,0788,ほうれんそう　葉　冬採り　ゆで,91.5,0.6,3.0,3.6,-,-,-,-,-,
06,06269,0789,ほうれんそう　葉　冷凍,92.2,0.7,2.6,3.3,-,-,-,-,-,
06,06372,0790,ほうれんそう　葉　冷凍　ゆで,90.6,0.8,4.0,4.8,Tr,1.3,3.1,-,4.5,
06,06373,0791,ほうれんそう　葉　冷凍　油いため,84.6,0.8,3.3,4.1,-,-,-,-,-,
06,06270,0792,ホースラディシュ　根茎　生,77.3,0.8,7.4,8.2,-,-,-,-,-,
06,06271,0793,まこも　茎　生,93.5,0.2,2.1,2.3,-,-,-,-,-,
06,06272,0794,みずかけな　葉　生,91.1,0.9,1.9,2.8,-,-,-,-,-,
06,06273,0795,みずかけな　塩漬,85.6,1.3,2.7,4.0,-,-,-,-,-,
06,06072,0796,みずな　葉　生,91.4,0.6,2.4,3.0,-,-,-,-,-,
06,06073,0797,みずな　葉　ゆで,91.8,0.8,2.8,3.6,-,-,-,-,-,
06,06074,0798,みずな　塩漬,88.2,0.5,3.0,3.5,-,-,-,-,-,
06,06274,0799,（みつば類）　切りみつば　葉　生,93.8,0.4,2.1,2.5,-,-,-,-,-,
06,06275,0800,（みつば類）　切りみつば　葉　ゆで,95.2,0.4,2.3,2.7,-,-,-,-,-,
06,06276,0801,（みつば類）　根みつば　葉　生,92.7,0.5,2.4,2.9,-,-,-,-,-,
06,06277,0802,（みつば類）　根みつば　葉　ゆで,92.9,0.6,2.7,3.3,-,-,-,-,-,
06,06278,0803,（みつば類）　糸みつば　葉　生,94.6,0.3,2.0,2.3,-,-,-,-,-,
06,06279,0804,（みつば類）　糸みつば　葉　ゆで,93.7,0.4,2.6,3.0,-,-,-,-,-,
06,06360,0805,みぶな　葉　生,93.9,0.3,1.5,1.8,-,-,-,-,-,
06,06280,0806,（みょうが類）　みょうが　花穂　生,95.6,0.4,1.7,2.1,-,-,-,-,-,
06,06281,0807,（みょうが類）　みょうがたけ　茎葉　生,97.1,0.1,1.0,1.1,-,-,-,-,-,
06,06282,0808,むかご　肉芽　生,75.1,0.8,3.4,4.2,-,-,-,-,-,
06,06283,0809,めキャベツ　結球葉　生,83.2,1.4,4.1,5.5,-,-,-,-,-,
06,06284,0810,めキャベツ　結球葉　ゆで,83.8,1.4,3.8,5.2,-,-,-,-,-,
06,06285,0811,めたで　芽ばえ　生,87.0,0.6,5.7,6.3,-,-,-,-,-,
06,06286,0812,（もやし類）　アルファルファもやし　生,96.0,0.1,1.3,1.4,-,-,-,-,-,
06,06287,0813,（もやし類）　だいずもやし　生,92.0,0.2,2.1,2.3,-,-,-,-,-,
06,06288,0814,（もやし類）　だいずもやし　ゆで,93.0,0.3,1.9,2.2,-,-,-,-,-,
06,06289,0815,（もやし類）　ブラックマッペもやし　生,94.7,0.1,1.4,1.5,-,-,-,-,-,
06,06290,0816,（もやし類）　ブラックマッペもやし　ゆで,95.8,0.2,1.4,1.6,-,-,-,-,-,
06,06291,0818,（もやし類）　りょくとうもやし　生,95.4,0.1,1.2,1.3,-,-,-,-,-,
06,06292,0819,（もやし類）　りょくとうもやし　ゆで,95.9,0.2,1.3,1.5,-,-,-,-,-,
06,06293,0820,モロヘイヤ　茎葉　生,86.1,1.3,4.6,5.9,-,-,-,-,-,
06,06294,0821,モロヘイヤ　茎葉　ゆで,91.3,0.8,2.7,3.5,-,-,-,-,-,
06,06401,0822,やぶまめ　生,45.8,-,-,9.8,-,-,-,-,-,
06,06295,0823,やまごぼう　みそ漬,72.8,3.1,3.9,7.0,-,-,-,-,-,
06,06296,0824,ゆりね　りん茎　生,66.5,3.3,2.1,5.4,-,-,-,-,-,
06,06297,0825,ゆりね　りん茎　ゆで,66.5,3.2,2.8,6.0,-,-,-,-,-,
06,06298,0826,ようさい　茎葉　生,93.0,0.4,2.7,3.1,-,-,-,-,-,
06,06299,0827,ようさい　茎葉　ゆで,92.4,0.4,3.0,3.4,-,-,-,-,-,
06,06300,0828,よめな　葉　生,84.6,1.3,6.5,7.8,-,-,-,-,-,
06,06301,0829,よもぎ　葉　生,83.6,0.9,6.9,7.8,-,-,-,-,-,
06,06302,0830,よもぎ　葉　ゆで,85.9,0.9,6.9,7.8,-,-,-,-,-,
06,06303,0831,らっかせい　未熟豆　生,50.1,0.1,3.9,4.0,-,-,-,-,-,
06,06304,0832,らっかせい　未熟豆　ゆで,51.3,0.2,4.0,4.2,-,-,-,-,-,
06,06305,0833,（らっきょう類）　らっきょう　りん茎　生,68.3,18.6,2.1,20.7,-,-,-,-,-,
06,06306,0834,（らっきょう類）　らっきょう　甘酢漬,67.5,1.3,1.5,2.9,-,-,-,-,-,
06,06307,0835,（らっきょう類）　エシャレット　りん茎　生,79.1,9.1,2.3,11.4,-,-,-,-,-,
06,06308,0836,リーキ　りん茎葉　生,90.8,0.4,2.1,2.5,-,-,-,-,-,
06,06309,0837,リーキ　りん茎葉　ゆで,91.3,0.7,1.9,2.6,-,-,-,-,-,
06,06319,0838,ルッコラ　葉　生,92.7,0.3,2.3,2.6,-,-,-,-,-,
06,06310,0839,ルバーブ　葉柄　生,92.1,0.5,2.0,2.5,-,-,-,-,-,
06,06311,0840,ルバーブ　葉柄　ゆで,94.1,0.7,2.2,2.9,-,-,-,-,-,
06,06312,0841,（レタス類）　レタス　土耕栽培　結球葉　生,95.9,0.1,1.0,1.1,-,-,-,-,-,
06,06361,0842,（レタス類）　レタス　水耕栽培　結球葉　生,95.3,0.2,0.9,1.1,-,-,-,-,-,
06,06313,0843,（レタス類）　サラダな　葉　生,94.9,0.2,1.6,1.8,-,-,-,-,-,
06,06314,0844,（レタス類）　リーフレタス　葉　生,94.0,0.5,1.4,1.9,-,-,-,-,-,
06,06315,0845,（レタス類）　サニーレタス　葉　生,94.1,0.6,1.4,2.0,-,-,-,-,-,
06,06362,0846,（レタス類）　サンチュ　葉　生,94.5,0.4,1.5,2.0,-,-,-,-,-,
06,06316,0847,（レタス類）　コスレタス　葉　生,94.5,0.4,1.5,1.9,-,-,-,-,-,
06,06317,0848,れんこん　根茎　生,81.5,0.2,1.8,2.0,-,-,-,-,-,
06,06318,0849,れんこん　根茎　ゆで,81.9,0.2,2.1,2.3,-,-,-,-,-,
06,06371,0850,れんこん　甘酢れんこん,80.8,0.3,2.0,2.3,-,-,-,-,-,
06,06320,0851,わけぎ　葉　生,90.3,0.3,2.5,2.8,-,-,-,-,-,
06,06321,0852,わけぎ　葉　ゆで,90.4,1.2,1.9,3.1,-,-,-,-,-,
06,06322,0853,わさび　根茎　生,74.2,0.8,3.6,4.4,-,-,-,-,-,
06,06323,0854,わさび　わさび漬,61.4,1.0,1.7,2.7,-,-,-,-,-,
06,06324,0855,わらび　生わらび　生,92.7,0.8,2.8,3.6,-,-,-,-,-,
06,06325,0856,わらび　生わらび　ゆで,95.2,0.5,2.5,3.0,-,-,-,-,-,
06,06326,0857,わらび　干しわらび　乾,10.4,10.0,48.0,58.0,-,-,-,-,-,
06,06382,0858,（その他）　ミックスベジタブル　冷凍,80.5,-,-,-,0.3,1.0,4.6,0.4,5.9,原材料配合割合から推計
06,06383,0859,（その他）　ミックスベジタブル　冷凍　ゆで,80.9,-,-,-,0.4,1.1,5.1,0.5,6.5,原材料配合割合から推計
06,06384,0860,（その他）　ミックスベジタブル　冷凍　油いため,75.5,-,-,-,0.3,1.1,4.5,0.6,5.9,原材料配合割合から推計
06,06399,0861,（その他）　野菜ミックスジュース　通常タイプ,93.9,-,-,-,Tr,0.4,0.5,-,0.9,
06,06400,0862,（その他）　野菜ミックスジュース　濃縮タイプ,90.0,-,-,-,0.1,0.6,0.3,-,1.0,
07,07001,0863,あけび　果肉　生,77.1,0.6,0.5,1.1,-,-,-,-,-,
07,07002,0864,あけび　果皮　生,90.4,1.4,1.7,3.1,-,-,-,-,-,
07,07181,0865,アサイー　冷凍　無糖,87.7,-,-,-,0.1,0.9,3.8,-,4.7,
07,07003,0866,アセロラ　酸味種　生,89.9,0.8,1.1,1.9,-,-,-,-,-,
07,07159,0867,アセロラ　甘味種　生,89.9,0.8,1.1,1.9,-,-,-,-,-,
07,07004,0868,アセロラ　果実飲料　10%果汁入り飲料,89.4,0.1,0.1,0.2,-,-,-,-,-,
07,07005,0869,アテモヤ　生,77.7,0.7,2.6,3.3,-,-,-,-,-,
07,07006,0870,アボカド　生,71.3,1.7,3.9,5.6,-,-,-,-,-,
07,07007,0871,あんず　生,89.8,0.6,1.0,1.6,-,-,-,-,-,
07,07008,0872,あんず　乾,16.8,4.3,5.5,9.8,-,-,-,-,-,
07,07009,0873,あんず　缶詰,79.8,0.4,0.4,0.8,-,-,-,-,-,
07,07010,0874,あんず　ジャム　高糖度,34.5,0.5,0.2,0.7,-,-,-,-,-,
07,07011,0875,あんず　ジャム　低糖度,48.8,0.9,0.3,1.2,-,-,-,-,-,
07,07012,0876,いちご　生,90.0,0.5,0.9,1.4,-,-,-,-,-,
07,07013,0877,いちご　ジャム　高糖度,36.0,0.7,0.6,1.3,-,-,-,-,-,
07,07014,0878,いちご　ジャム　低糖度,50.7,0.7,0.4,1.1,-,-,-,-,-,
07,07160,0879,いちご　乾,15.4,1.2,1.7,3.0,-,-,-,-,-,
07,07015,0880,いちじく　生,84.6,0.7,1.2,1.9,-,-,-,-,-,
07,07016,0881,いちじく　乾,18.0,3.4,7.3,10.7,-,-,-,-,-,
07,07017,0882,いちじく　缶詰,79.7,0.6,0.6,1.2,-,-,-,-,-,
07,07019,0883,うめ　生,90.4,0.9,1.6,2.5,-,-,-,-,-,
07,07020,0884,うめ　梅漬　塩漬,72.3,1.1,1.6,2.7,-,-,-,-,-,
07,07021,0885,うめ　梅漬　調味漬,80.2,1.2,2.2,3.4,-,-,-,-,-,
07,07022,0886,うめ　梅干し　塩漬,72.2,1.4,2.2,3.3,-,-,-,-,-,
07,07023,0887,うめ　梅干し　調味漬,68.7,1.3,1.2,2.5,-,-,-,-,-,
07,07024,0888,うめ　梅びしお,42.4,0.5,0.8,1.3,-,-,-,-,-,
07,07025,0889,うめ　果実飲料　20%果汁入り飲料,87.6,0.1,0,0.1,-,-,-,-,-,
07,07037,0890,オリーブ　塩漬　グリーンオリーブ,75.6,0.2,3.1,3.3,-,-,-,-,-,
07,07038,0891,オリーブ　塩漬　ブラックオリーブ,81.6,0.4,2.1,2.5,-,-,-,-,-,
07,07039,0892,オリーブ　塩漬　スタッフドオリーブ,75.4,0.8,2.9,3.7,-,-,-,-,-,
07,07049,0893,かき　甘がき　生,83.1,0.2,1.4,1.6,-,-,-,-,-,
07,07050,0894,かき　渋抜きがき　生,82.2,0.5,2.3,2.8,-,-,-,-,-,
07,07051,0895,かき　干しがき,24.0,1.3,12.7,14.0,-,-,-,-,-,
07,07053,0896,かりん　生,80.7,0.9,8.0,8.9,-,-,-,-,-,
07,07018,0897,（かんきつ類）　いよかん　砂じょう　生,86.7,0.5,0.6,1.1,-,-,-,-,-,
07,07026,0898,（かんきつ類）　うんしゅうみかん　じょうのう　早生　生,87.2,0.3,0.4,0.7,-,-,-,-,-,
07,07027,0899,（かんきつ類）　うんしゅうみかん　じょうのう　普通　生,86.9,0.5,0.5,1.0,-,-,-,-,-,
07,07028,0900,（かんきつ類）　うんしゅうみかん　砂じょう　早生　生,87.8,0.2,0.2,0.4,-,-,-,-,-,
07,07029,0901,（かんきつ類）　うんしゅうみかん　砂じょう　普通　生,87.4,0.2,0.2,0.4,-,-,-,-,-,
07,07030,0902,（かんきつ類）　うんしゅうみかん　果実飲料　ストレートジュース,88.5,0,0,0,-,-,-,-,-,
07,07031,0903,（かんきつ類）　うんしゅうみかん　果実飲料　濃縮還元ジュース,89.3,0,0,0,-,-,-,-,-,
07,07032,0904,（かんきつ類）　うんしゅうみかん　果実飲料　果粒入りジュース,86.7,Tr,0,Tr,-,-,-,-,-,
07,07033,0905,（かんきつ類）　うんしゅうみかん　果実飲料　50%果汁入り飲料,84.9,0.1,0,0.1,-,-,-,-,-,
07,07034,0906,（かんきつ類）　うんしゅうみかん　果実飲料　20%果汁入り飲料,87.4,0,0,0,-,-,-,-,-,
07,07035,0907,（かんきつ類）　うんしゅうみかん　缶詰　果肉,83.8,0.2,0.3,0.5,-,-,-,-,-,
07,07036,0908,（かんきつ類）　うんしゅうみかん　缶詰　液汁,84.1,0,0,0,-,-,-,-,-,
07,07040,0909,（かんきつ類）　オレンジ　ネーブル　砂じょう　生,86.8,0.4,0.6,1.0,-,-,-,-,-,
07,07041,0910,（かんきつ類）　オレンジ　バレンシア　米国産　砂じょう　生,88.7,0.3,0.5,0.8,-,-,-,-,-,
07,07042,0911,（かんきつ類）　オレンジ　バレンシア　果実飲料　ストレートジュース,87.8,0.2,0.1,0.3,-,-,-,-,-,
07,07043,0912,（かんきつ類）　オレンジ　バレンシア　果実飲料　濃縮還元ジュース,88.1,0.2,Tr,0.2,-,-,-,-,-,
07,07044,0913,（かんきつ類）　オレンジ　バレンシア　果実飲料　50%果汁入り飲料,88.4,0.1,Tr,0.1,-,-,-,-,-,
07,07045,0914,（かんきつ類）　オレンジ　バレンシア　果実飲料　30%果汁入り飲料,89.7,0,Tr,Tr,-,-,-,-,-,
07,07046,0915,（かんきつ類）　オレンジ　バレンシア　マーマレード　高糖度,36.4,0.5,0.2,0.7,-,-,-,-,-,
07,07047,0916,（かんきつ類）　オレンジ　バレンシア　マーマレード　低糖度,51.7,0.9,0.4,1.3,-,-,-,-,-,
07,07161,0917,（かんきつ類）　オレンジ　福原オレンジ　砂じょう　生,88.7,0.3,0.5,0.8,-,-,-,-,-,
07,07048,0918,（かんきつ類）　オロブランコ　砂じょう　生,88.7,0.3,0.6,0.9,-,-,-,-,-,
07,07052,0919,（かんきつ類）　かぼす　果汁　生,90.7,0.1,0,0.1,-,-,-,-,-,
07,07162,0920,（かんきつ類）　かわちばんかん　砂じょう　生,90.0,0.3,0.3,0.6,-,-,-,-,-,
07,07163,0921,（かんきつ類）　きよみ　砂じょう　生,88.4,0.3,0.3,0.6,-,-,-,-,-,
07,07056,0922,（かんきつ類）　きんかん　全果　生,80.8,2.3,2.3,4.6,-,-,-,-,-,
07,07062,0923,（かんきつ類）　グレープフルーツ　白肉種　砂じょう　生,89.0,0.2,0.4,0.6,-,-,-,-,-,
07,07164,0924,（かんきつ類）　グレープフルーツ　紅肉種　砂じょう　生,89.0,0.2,0.4,0.6,-,-,-,-,-,
07,07063,0925,（かんきつ類）　グレープフルーツ　果実飲料　ストレートジュース,88.7,0.1,0,0.1,-,-,-,-,-,
07,07064,0926,（かんきつ類）　グレープフルーツ　果実飲料　濃縮還元ジュース,90.1,0.2,0,0.2,-,-,-,-,-,
07,07065,0927,（かんきつ類）　グレープフルーツ　果実飲料　50%果汁入り飲料,88.4,0.1,0,0.1,-,-,-,-,-,
07,07066,0928,（かんきつ類）　グレープフルーツ　果実飲料　20%果汁入り飲料,90.1,0,0,0,-,-,-,-,-,
07,07067,0929,（かんきつ類）　グレープフルーツ　缶詰,82.1,0.4,0.2,0.6,-,-,-,-,-,
07,07074,0930,（かんきつ類）　さんぼうかん　砂じょう　生,87.6,0.3,0.6,0.9,-,-,-,-,-,
07,07075,0931,（かんきつ類）　シークヮーサー　果汁　生,90.9,0.3,0,0.3,-,-,-,-,-,
07,07076,0932,（かんきつ類）　シークヮーサー　果実飲料　10%果汁入り飲料,88.1,0,0,0,-,-,-,-,-,
07,07165,0933,（かんきつ類）　しらぬひ　砂じょう　生,85.8,0.3,0.3,0.6,-,-,-,-,-,
07,07078,0934,（かんきつ類）　すだち　果皮　生,80.7,2.8,7.3,10.1,-,-,-,-,-,
07,07079,0935,（かんきつ類）　すだち　果汁　生,92.5,0.1,Tr,0.1,-,-,-,-,-,
07,07166,0936,（かんきつ類）　せとか　砂じょう　生,86.9,0.4,0.3,0.7,-,-,-,-,-,
07,07085,0937,（かんきつ類）　セミノール　砂じょう　生,86.0,0.3,0.5,0.8,-,-,-,-,-,
07,07083,0938,（かんきつ類）　だいだい　果汁　生,91.2,0,0,0,-,-,-,-,-,
07,07093,0939,（かんきつ類）　なつみかん　砂じょう　生,88.6,0.4,0.8,1.2,-,-,-,-,-,
07,07094,0940,（かんきつ類）　なつみかん　缶詰,79.7,0.3,0.2,0.5,-,-,-,-,-,
07,07105,0941,（かんきつ類）　はっさく　砂じょう　生,87.2,0.2,1.3,1.5,-,-,-,-,-,
07,07167,0942,（かんきつ類）　はるみ　砂じょう　生,86.5,0.4,0.4,0.8,-,-,-,-,-,
07,07112,0943,（かんきつ類）　ひゅうがなつ　じょうのう及びアルベド　生,87.2,1.0,1.1,2.1,-,-,-,-,-,
07,07113,0944,（かんきつ類）　ひゅうがなつ　砂じょう　生,90.7,0.3,0.4,0.7,-,-,-,-,-,
07,07126,0945,（かんきつ類）　ぶんたん　砂じょう　生,89.0,0.3,0.6,0.9,-,-,-,-,-,
07,07127,0946,（かんきつ類）　ぶんたん　ざぼん漬,14.0,1.3,1.4,2.7,-,-,-,-,-,
07,07129,0947,（かんきつ類）　ぽんかん　砂じょう　生,88.8,0.4,0.6,1.0,-,-,-,-,-,
07,07142,0948,（かんきつ類）　ゆず　果皮　生,83.7,3.3,3.6,6.9,-,-,-,-,-,
07,07143,0949,（かんきつ類）　ゆず　果汁　生,92.0,0.3,0.1,0.4,-,-,-,-,-,
07,07145,0950,（かんきつ類）　ライム　果汁　生,89.8,0.2,0,0.2,-,-,-,-,-,
07,07155,0951,（かんきつ類）　レモン　全果　生,85.3,2.0,2.9,4.9,-,-,-,-,-,
07,07156,0952,（かんきつ類）　レモン　果汁　生,90.5,Tr,0,Tr,-,-,-,-,-,
07,07054,0953,キウイフルーツ　緑肉種　生,84.7,0.6,2.0,2.6,-,-,-,-,-,
07,07168,0954,キウイフルーツ　黄肉種　生,83.2,0.5,0.9,1.4,-,-,-,-,-,
07,07055,0956,キワノ　生,89.2,0.6,2.0,2.6,-,-,-,-,-,
07,07057,0957,グァバ　赤肉種　生,88.9,0.7,4.4,5.1,-,-,-,-,-,
07,07169,0958,グァバ　白肉種　生,88.9,0.7,4.4,5.1,-,-,-,-,-,
07,07058,0959,グァバ　果実飲料　20%果汁入り飲料　（ネクター）,87.4,0.2,0.6,0.8,-,-,-,-,-,
07,07059,0960,グァバ　果実飲料　10%果汁入り飲料,87.4,0,0.2,0.2,-,-,-,-,-,
07,07061,0962,ぐみ　生,81.0,0.2,1.8,2.0,-,-,-,-,-,
07,07157,0963,ココナッツ　ココナッツウォーター,94.3,0,0,0,-,-,-,-,-,
07,07158,0964,ココナッツ　ココナッツミルク,78.8,0.2,0,0.2,-,-,-,-,-,
07,07170,0965,ココナッツ　ナタデココ,79.7,Tr,0.5,0.5,-,-,-,-,-,
07,07070,0966,さくらんぼ　国産　生,83.1,0.1,1.1,1.2,-,-,-,-,-,
07,07071,0967,さくらんぼ　米国産　生,81.1,0.6,0.8,1.4,-,-,-,-,-,
07,07072,0968,さくらんぼ　米国産　缶詰,81.5,0.6,0.4,1.0,-,-,-,-,-,
07,07073,0969,ざくろ　生,83.9,0,0,0,-,-,-,-,-,
07,07077,0970,すいか　赤肉種　生,89.6,0.1,0.2,0.3,-,-,-,-,-,
07,07171,0971,すいか　黄肉種　生,89.6,0.1,0.2,0.3,-,-,-,-,-,
07,07186,0971-1,（すぐり類）　赤すぐり　冷凍,86.0,-,-,-,Tr,0.7,2.0,-,2.8,
07,07182,0972,（すぐり類）　カシス　冷凍,79.4,-,-,-,0.1,0.5,5.8,-,6.4,
07,07060,0973,（すぐり類）　グーズベリー　生,85.2,0.7,1.8,2.5,-,-,-,-,-,
07,07069,0974,スターフルーツ　生,91.4,0.4,1.4,1.8,-,-,-,-,-,
07,07080,0975,（すもも類）　にほんすもも　生,88.6,0.4,1.2,1.6,-,-,-,-,-,
07,07081,0976,（すもも類）　プルーン　生,86.2,0.9,1.0,1.9,-,-,-,-,-,
07,07082,0977,（すもも類）　プルーン　乾,33.3,3.4,3.8,7.1,-,-,-,-,-,
07,07086,0978,チェリモヤ　生,78.1,0.8,1.4,2.2,-,-,-,-,-,
07,07111,0979,ドラゴンフルーツ　生,85.7,0.3,1.6,1.9,-,-,-,-,-,
07,07087,0980,ドリアン　生,66.4,0.7,1.4,2.1,-,-,-,-,-,
07,07088,0981,（なし類）　日本なし　生,88.0,0.2,0.7,0.9,-,-,-,-,-,
07,07089,0982,（なし類）　日本なし　缶詰,80.5,0.1,0.6,0.7,-,-,-,-,-,
07,07090,0983,（なし類）　中国なし　生,86.8,0.3,1.1,1.4,-,-,-,-,-,
07,07091,0984,（なし類）　西洋なし　生,84.9,0.7,1.2,1.9,-,-,-,-,-,
07,07092,0985,（なし類）　西洋なし　缶詰,78.8,0.4,0.6,1.0,-,-,-,-,-,
07,07095,0986,なつめ　乾,21.0,2.7,9.8,12.5,-,-,-,-,-,
07,07096,0987,なつめやし　乾,24.8,1.5,5.5,7.0,-,-,-,-,-,
07,07097,0988,パインアップル　生,85.2,0.2,1.0,1.2,-,-,-,-,-,
07,07177,0989,パインアップル　焼き,78.2,0.2,1.5,1.7,-,-,-,-,-,
07,07098,0990,パインアップル　果実飲料　ストレートジュース,88.2,0,0,0,-,-,-,-,-,
07,07099,0991,パインアップル　果実飲料　濃縮還元ジュース,88.3,0,0,0,-,-,-,-,-,
07,07100,0992,パインアップル　果実飲料　50%果汁入り飲料,87.3,0,0,0,-,-,-,-,-,
07,07101,0993,パインアップル　果実飲料　10%果汁入り飲料,87.6,0,0,0,-,-,-,-,-,
07,07102,0994,パインアップル　缶詰,78.9,0,0.5,0.5,-,-,-,-,-,
07,07103,0995,パインアップル　砂糖漬,12.0,0,1.3,1.3,-,-,-,-,-,
07,07104,0996,ハスカップ　生,85.5,0.6,1.5,2.1,-,-,-,-,-,
07,07106,0997,パッションフルーツ　果汁　生,82.0,0,0,0,-,-,-,-,-,
07,07107,0998,バナナ　生,75.4,0.1,1.0,1.1,-,-,-,-,-,
07,07108,0999,バナナ　乾,14.3,2.0,5.0,7.0,-,-,-,-,-,
07,07109,1000,パパイア　完熟　生,89.2,0.7,1.5,2.2,-,-,-,-,-,
07,07110,1001,パパイア　未熟　生,88.7,0.4,1.8,2.2,-,-,-,-,-,
07,07114,1002,びわ　生,88.6,0.4,1.2,1.6,-,-,-,-,-,
07,07115,1003,びわ　缶詰,79.6,0.3,0.3,0.6,-,-,-,-,-,
07,07116,1004,ぶどう　皮なし　生,83.5,0.2,0.3,0.5,-,-,-,-,-,
07,07178,1005,ぶどう　皮つき　生,81.7,0.2,0.6,0.9,-,-,-,-,-,
07,07187,1005-1,ぶどう　皮つき　シャインマスカット　生,82.5,-,-,0,Tr,0.4,0.5,-,0.9,
07,07117,1006,ぶどう　干しぶどう,14.5,1.2,2.9,4.1,-,-,-,-,-,
07,07118,1007,ぶどう　果実飲料　ストレートジュース,84.8,0.1,Tr,0.1,-,-,-,-,-,
07,07119,1008,ぶどう　果実飲料　濃縮還元ジュース,87.2,0.1,Tr,0.1,-,-,-,-,-,
07,07120,1009,ぶどう　果実飲料　70%果汁入り飲料,86.8,0.1,Tr,0.1,-,-,-,-,-,
07,07121,1010,ぶどう　果実飲料　10%果汁入り飲料,86.9,Tr,0,Tr,-,-,-,-,-,
07,07122,1011,ぶどう　缶詰,78.9,0.2,0,0.2,-,-,-,-,-,
07,07123,1012,ぶどう　ジャム,51.4,1.0,0.5,1.5,-,-,-,-,-,
07,07124,1013,ブルーベリー　生,86.4,0.5,2.8,3.3,-,-,-,-,-,
07,07125,1014,ブルーベリー　ジャム,55.1,0.5,3.8,4.3,-,-,-,-,-,
07,07172,1015,ブルーベリー　乾,21.9,3.0,14.7,17.6,-,-,-,-,-,
07,07128,1016,ホワイトサポテ　生,79.0,1.8,1.3,3.1,-,-,-,-,-,
07,07130,1017,まくわうり　黄肉種　生,90.8,0.4,0.6,1.0,-,-,-,-,-,
07,07173,1018,まくわうり　白肉種　生,90.8,0.4,0.6,1.0,-,-,-,-,-,
07,07131,1019,マルメロ　生,84.2,0.7,4.4,5.1,-,-,-,-,-,
07,07132,1020,マンゴー　生,82.0,0.6,0.7,1.3,-,-,-,-,-,
07,07179,1021,マンゴー　ドライマンゴー,9.3,2.8,3.6,6.4,-,-,-,-,-,
07,07133,1022,マンゴスチン　生,81.5,0.5,0.9,1.4,-,-,-,-,-,
07,07134,1023,メロン　温室メロン　生,87.8,0.2,0.3,0.5,-,-,-,-,-,
07,07135,1024,メロン　露地メロン　緑肉種　生,87.9,0.2,0.3,0.5,-,-,-,-,-,
07,07174,1025,メロン　露地メロン　赤肉種　生,87.9,0.2,0.3,0.5,-,-,-,-,-,
07,07136,1026,（もも類）　もも　白肉種　生,88.7,0.6,0.7,1.3,-,-,-,-,-,
07,07184,1027,（もも類）　もも　黄肉種　生,85.4,-,-,-,0.1,0.9,0.9,-,1.9,
07,07137,1028,（もも類）　もも　果実飲料　30%果汁入り飲料　（ネクター）,88.0,0.2,0.2,0.4,-,-,-,-,-,
07,07138,1029,（もも類）　もも　缶詰　白肉種　果肉,78.5,0.5,0.9,1.4,-,-,-,-,-,
07,07175,1030,（もも類）　もも　缶詰　黄肉種　果肉,78.5,0.5,0.9,1.4,-,-,-,-,-,
07,07139,1031,（もも類）　もも　缶詰　液汁,79.5,0.3,0,0.3,-,-,-,-,-,
07,07140,1032,（もも類）　ネクタリン　生,87.8,0.7,1.0,1.7,-,-,-,-,-,
07,07141,1033,やまもも　生,87.8,0.3,0.8,1.1,-,-,-,-,-,
07,07144,1034,ライチー　生,82.1,0.4,0.5,0.9,-,-,-,-,-,
07,07146,1035,ラズベリー　生,88.2,0.7,4.0,4.7,-,-,-,-,-,
07,07147,1036,りゅうがん　乾,19.4,1.0,1.8,2.8,-,-,-,-,-,
07,07148,1037,りんご　皮なし　生,84.1,0.4,1.0,1.4,-,-,-,-,-,
07,07176,1038,りんご　皮つき　生,83.1,0.5,1.4,1.9,-,-,-,-,-,
07,07180,1039,りんご　皮つき　焼き,77.2,0.6,1.9,2.5,-,-,-,-,-,
07,07149,1040,りんご　果実飲料　ストレートジュース,87.7,Tr,Tr,Tr,-,-,-,-,-,
07,07150,1041,りんご　果実飲料　濃縮還元ジュース,88.1,Tr,Tr,Tr,-,-,-,-,-,
07,07151,1042,りんご　果実飲料　50%果汁入り飲料,88.3,0,0,0,-,-,-,-,-,
07,07152,1043,りんご　果実飲料　30%果汁入り飲料,88.5,0,0,0,-,-,-,-,-,
07,07153,1044,りんご　缶詰,79.4,0.2,0.2,0.4,-,-,-,-,-,
07,07154,1045,りんご　ジャム,46.9,0.5,0.3,0.8,-,-,-,-,-,
08,08001,1046,えのきたけ　生,88.6,0.4,3.5,3.9,-,-,-,-,-,
08,08002,1047,えのきたけ　ゆで,88.6,0.3,4.2,4.5,-,-,-,-,-,
08,08037,1048,えのきたけ　油いため,83.3,0.4,4.2,4.6,-,-,-,-,-,
08,08003,1049,えのきたけ　味付け瓶詰,74.1,1.1,3.0,4.1,-,-,-,-,-,
08,08054,1050,（きくらげ類）　あらげきくらげ　生,93.6,0.8,4.8,5.6,-,-,-,-,-,
08,08004,1051,（きくらげ類）　あらげきくらげ　乾,13.1,6.3,73.1,79.5,-,-,-,-,-,
08,08005,1052,（きくらげ類）　あらげきくらげ　ゆで,82.3,1.3,15.0,16.3,-,-,-,-,-,
08,08038,1053,（きくらげ類）　あらげきくらげ　油いため,64.2,2.4,26.2,28.6,-,-,-,-,-,
08,08006,1054,（きくらげ類）　きくらげ　乾,14.9,0,57.4,57.4,-,-,-,-,-,
08,08007,1055,（きくらげ類）　きくらげ　ゆで,93.8,0,5.2,5.2,-,-,-,-,-,
08,08008,1056,（きくらげ類）　しろきくらげ　乾,14.6,19.3,49.4,68.7,-,-,-,-,-,
08,08009,1057,（きくらげ類）　しろきくらげ　ゆで,92.6,1.2,5.2,6.4,-,-,-,-,-,
08,08010,1058,くろあわびたけ　生,90.2,0.2,3.9,4.1,-,-,-,-,-,
08,08039,1059,しいたけ　生しいたけ　菌床栽培　生,89.6,0.4,4.1,4.6,0.2,0.6,4.2,-,4.9,
08,08040,1060,しいたけ　生しいたけ　菌床栽培　ゆで,91.5,0.2,4.2,4.4,-,-,-,-,-,
08,08041,1061,しいたけ　生しいたけ　菌床栽培　油いため,84.7,0.2,4.5,4.7,-,-,-,-,-,
08,08057,1062,しいたけ　生しいたけ　菌床栽培　天ぷら,64.1,-,-,-,0.4,0.7,3.3,-,4.4,
08,08042,1063,しいたけ　生しいたけ　原木栽培　生,88.3,0.4,5.1,5.5,-,-,-,-,-,
08,08043,1064,しいたけ　生しいたけ　原木栽培　ゆで,90.8,0.2,4.6,4.8,-,-,-,-,-,
08,08044,1065,しいたけ　生しいたけ　原木栽培　油いため,81.3,0.3,6.0,6.4,-,-,-,-,-,
08,08013,1066,しいたけ　乾しいたけ　乾,9.1,2.7,44.0,46.7,-,-,-,-,-,
08,08014,1067,しいたけ　乾しいたけ　ゆで,86.2,0.5,6.2,6.7,-,-,-,-,-,
08,08053,1068,しいたけ　乾しいたけ　甘煮,64.7,0.7,6.0,6.7,-,-,-,-,-,
08,08015,1069,（しめじ類）　はたけしめじ　生,92.0,0.2,2.5,2.7,-,-,-,-,-,
08,08045,1070,（しめじ類）　はたけしめじ　ゆで,91.3,0.2,4.4,4.6,-,-,-,-,-,
08,08016,1071,（しめじ類）　ぶなしめじ　生,91.1,0.3,3.2,3.5,0.1,0.4,2.5,-,3.0,
08,08017,1072,（しめじ類）　ぶなしめじ　ゆで,91.1,0.1,4.0,4.1,Tr,0.3,3.9,-,4.2,
08,08046,1073,（しめじ類）　ぶなしめじ　油いため,85.9,0.3,4.0,4.3,Tr,0.3,3.4,-,3.7,
08,08055,1074,（しめじ類）　ぶなしめじ　素揚げ,70.5,-,-,-,Tr,0.6,5.5,-,6.2,
08,08056,1075,（しめじ類）　ぶなしめじ　天ぷら,55.5,-,-,-,0.5,0.9,3.5,-,4.8,
08,08018,1076,（しめじ類）　ほんしめじ　生,93.6,0.3,1.6,1.9,-,-,-,-,-,
08,08047,1077,（しめじ類）　ほんしめじ　ゆで,92.1,0.1,3.2,3.3,-,-,-,-,-,
08,08019,1078,たもぎたけ　生,91.7,0.2,3.1,3.3,-,-,-,-,-,
08,08020,1079,なめこ　株採り　生,92.1,1.0,2.4,3.4,-,-,-,-,-,
08,08021,1080,なめこ　株採り　ゆで,92.7,1.1,1.7,2.8,-,-,-,-,-,
08,08058,1081,なめこ　カットなめこ　生,94.9,-,-,-,0.1,0.7,1.2,-,1.9,
08,08022,1082,なめこ　水煮缶詰,95.5,0.2,2.3,2.5,-,-,-,-,-,
08,08023,1083,ぬめりすぎたけ　生,92.6,0.3,2.2,2.5,-,-,-,-,-,
08,08024,1084,（ひらたけ類）　うすひらたけ　生,88.0,0.3,3.5,3.8,-,-,-,-,-,
08,08025,1085,（ひらたけ類）　エリンギ　生,90.2,0.2,3.2,3.4,-,-,-,-,-,
08,08048,1086,（ひらたけ類）　エリンギ　ゆで,89.3,0.1,4.7,4.8,-,-,-,-,-,
08,08049,1087,（ひらたけ類）　エリンギ　焼き,85.3,0.2,5.2,5.4,-,-,-,-,-,
08,08050,1088,（ひらたけ類）　エリンギ　油いため,84.2,0.2,4.1,4.2,-,-,-,-,-,
08,08026,1089,（ひらたけ類）　ひらたけ　生,89.4,0.2,2.4,2.6,-,-,-,-,-,
08,08027,1090,（ひらたけ類）　ひらたけ　ゆで,89.1,0.2,3.5,3.7,-,-,-,-,-,
08,08028,1091,まいたけ　生,92.7,0.3,3.2,3.5,-,-,-,-,-,
08,08029,1092,まいたけ　ゆで,91.1,0.2,4.1,4.3,-,-,-,-,-,
08,08051,1093,まいたけ　油いため,85.5,0.3,4.4,4.7,-,-,-,-,-,
08,08030,1094,まいたけ　乾,9.3,1.5,39.4,40.9,-,-,-,-,-,
08,08031,1095,マッシュルーム　生,93.9,0.2,1.8,2.0,-,-,-,-,-,
08,08032,1096,マッシュルーム　ゆで,91.5,0.1,3.2,3.3,-,-,-,-,-,
08,08052,1097,マッシュルーム　油いため,86.4,0.2,3.2,3.4,-,-,-,-,-,
08,08059,1097-1,マッシュルーム　ブラウン種　生,92.7,-,-,-,0.1,0.4,2.0,-,2.5,
08,08033,1098,マッシュルーム　水煮缶詰,92.0,0.5,2.7,3.2,-,-,-,-,-,
08,08034,1099,まつたけ　生,88.3,0.3,4.4,4.7,-,-,-,-,-,
08,08036,1100,やなぎまつたけ　生,92.8,0.3,2.7,3.0,-,-,-,-,-,
09,09001,1101,あおさ　素干し,16.9,-,-,29.1,-,-,-,-,-,水溶性食物繊維と不溶性食物繊維は分別していない
09,09002,1102,あおのり　素干し,6.5,-,-,35.2,-,-,-,-,-,水溶性食物繊維と不溶性食物繊維は分別していない
09,09003,1103,あまのり　ほしのり,8.4,-,-,31.2,-,-,-,-,-,水溶性食物繊維と不溶性食物繊維は分別していない
09,09004,1104,あまのり　焼きのり,2.3,-,-,36.0,-,-,-,-,-,水溶性食物繊維と不溶性食物繊維は分別していない
09,09005,1105,あまのり　味付けのり,3.4,-,-,25.2,-,-,-,-,-,水溶性食物繊維と不溶性食物繊維は分別していない
09,09006,1106,あらめ　蒸し干し,16.7,-,-,48.0,-,-,-,-,-,水溶性食物繊維と不溶性食物繊維は分別していない
09,09007,1107,いわのり　素干し,8.4,-,-,36.4,-,-,-,-,-,水溶性食物繊維と不溶性食物繊維は分別していない
09,09012,1108,うみぶどう　生,97.0,-,-,0.8,-,-,-,-,-,水溶性食物繊維と不溶性食物繊維は分別していない
09,09008,1109,えごのり　素干し,15.2,-,-,53.3,-,-,-,-,-,水溶性食物繊維と不溶性食物繊維は分別していない
09,09009,1110,えごのり　おきうと,96.9,-,-,2.5,-,-,-,-,-,水溶性食物繊維と不溶性食物繊維は分別していない
09,09010,1111,おごのり　塩蔵　塩抜き,89.0,-,-,7.5,-,-,-,-,-,水溶性食物繊維と不溶性食物繊維は分別していない
09,09011,1112,かわのり　素干し,13.7,-,-,41.7,-,-,-,-,-,水溶性食物繊維と不溶性食物繊維は分別していない
09,09013,1113,（こんぶ類）　えながおにこんぶ　素干し,10.4,-,-,24.9,-,-,-,-,-,水溶性食物繊維と不溶性食物繊維は分別していない
09,09014,1114,（こんぶ類）　がごめこんぶ　素干し,8.3,-,-,34.2,-,-,-,-,-,水溶性食物繊維と不溶性食物繊維は分別していない
09,09015,1115,（こんぶ類）　ながこんぶ　素干し,10.0,-,-,36.8,-,-,-,-,-,水溶性食物繊維と不溶性食物繊維は分別していない
09,09016,1116,（こんぶ類）　ほそめこんぶ　素干し,11.3,-,-,32.9,-,-,-,-,-,水溶性食物繊維と不溶性食物繊維は分別していない
09,09017,1117,（こんぶ類）　まこんぶ　素干し　乾,9.5,-,-,27.1,0.1,-,32.1,-,32.1,水溶性食物繊維と不溶性食物繊維及び高分子量水溶性食物繊維と不溶性食物繊維は分別していない
09,09056,1118,（こんぶ類）　まこんぶ　素干し　水煮,83.9,-,-,-,0,-,8.7,-,8.7,高分子量水溶性食物繊維と不溶性食物繊維は分別していない
09,09018,1119,（こんぶ類）　みついしこんぶ　素干し,9.2,-,-,34.8,-,-,-,-,-,高分子量水溶性食物繊維と不溶性食物繊維は分別していない
09,09019,1120,（こんぶ類）　りしりこんぶ　素干し,13.2,-,-,31.4,-,-,-,-,-,水溶性食物繊維と不溶性食物繊維は分別していない
09,09020,1121,（こんぶ類）　刻み昆布,15.5,-,-,39.1,-,-,-,-,-,水溶性食物繊維と不溶性食物繊維は分別していない
09,09021,1122,（こんぶ類）　削り昆布,24.4,-,-,28.2,-,-,-,-,-,水溶性食物繊維と不溶性食物繊維は分別していない
09,09022,1123,（こんぶ類）　塩昆布,24.1,-,-,13.1,-,-,-,-,-,水溶性食物繊維と不溶性食物繊維は分別していない
09,09023,1124,（こんぶ類）　つくだ煮,49.6,-,-,6.8,-,-,-,-,-,水溶性食物繊維と不溶性食物繊維は分別していない
09,09024,1125,すいぜんじのり　素干し　水戻し,96.1,-,-,2.1,-,-,-,-,-,水溶性食物繊維と不溶性食物繊維は分別していない
09,09025,1126,てんぐさ　素干し,15.2,-,-,47.3,-,-,-,-,-,水溶性食物繊維と不溶性食物繊維は分別していない
09,09026,1127,てんぐさ　ところてん,99.1,-,-,0.6,-,-,-,-,-,水溶性食物繊維と不溶性食物繊維は分別していない
09,09027,1128,てんぐさ　角寒天,20.5,-,-,74.1,-,-,-,-,-,水溶性食物繊維と不溶性食物繊維は分別していない
09,09028,1129,てんぐさ　寒天,98.5,-,-,1.5,-,-,-,-,-,水溶性食物繊維と不溶性食物繊維は分別していない
09,09049,1130,てんぐさ　粉寒天,16.7,-,-,79.0,-,-,-,-,-,水溶性食物繊維と不溶性食物繊維は分別していない
09,09029,1131,とさかのり　赤とさか　塩蔵　塩抜き,92.1,-,-,4.0,-,-,-,-,-,水溶性食物繊維と不溶性食物繊維は分別していない
09,09030,1132,とさかのり　青とさか　塩蔵　塩抜き,92.2,-,-,4.1,-,-,-,-,-,水溶性食物繊維と不溶性食物繊維は分別していない
09,09050,1133,ひじき　ほしひじき　ステンレス釜　乾,6.5,-,-,51.8,-,-,-,-,-,水溶性食物繊維と不溶性食物繊維は分別していない
09,09051,1134,ひじき　ほしひじき　ステンレス釜　ゆで,94.5,-,-,3.7,-,-,-,-,-,水溶性食物繊維と不溶性食物繊維は分別していない
09,09052,1135,ひじき　ほしひじき　ステンレス釜　油いため,89.0,-,-,4.5,-,-,-,-,-,水溶性食物繊維と不溶性食物繊維は分別していない
09,09053,1136,ひじき　ほしひじき　鉄釜　乾,6.5,-,-,51.8,-,-,-,-,-,水溶性食物繊維と不溶性食物繊維は分別していない
09,09054,1137,ひじき　ほしひじき　鉄釜　ゆで,94.5,-,-,3.7,-,-,-,-,-,水溶性食物繊維と不溶性食物繊維は分別していない
09,09055,1138,ひじき　ほしひじき　鉄釜　油いため,89.0,-,-,4.5,-,-,-,-,-,水溶性食物繊維と不溶性食物繊維は分別していない
09,09032,1139,ひとえぐさ　素干し,16.0,-,-,44.2,-,-,-,-,-,水溶性食物繊維と不溶性食物繊維は分別していない
09,09033,1140,ひとえぐさ　つくだ煮,56.5,-,-,4.1,-,-,-,-,-,水溶性食物繊維と不溶性食物繊維は分別していない
09,09034,1141,ふのり　素干し,14.7,-,-,43.1,-,-,-,-,-,水溶性食物繊維と不溶性食物繊維は分別していない
09,09035,1142,まつも　素干し,12.6,-,-,28.5,-,-,-,-,-,水溶性食物繊維と不溶性食物繊維は分別していない
09,09036,1143,むかでのり　塩蔵　塩抜き,93.7,-,-,4.2,-,-,-,-,-,水溶性食物繊維と不溶性食物繊維は分別していない
09,09037,1144,（もずく類）　おきなわもずく　塩蔵　塩抜き,96.7,-,-,2.0,-,-,-,-,-,水溶性食物繊維と不溶性食物繊維は分別していない
09,09038,1145,（もずく類）　もずく　塩蔵　塩抜き,97.7,-,-,1.4,-,-,-,-,-,水溶性食物繊維と不溶性食物繊維は分別していない
09,09039,1146,わかめ　原藻　生,89.0,-,-,3.6,-,-,-,-,-,水溶性食物繊維と不溶性食物繊維は分別していない
09,09040,1147,わかめ　乾燥わかめ　素干し,11.3,-,-,29.0,0.2,29.5,-,-,29.8,水溶性食物繊維と不溶性食物繊維及び高分子量水溶性食物繊維と不溶性食物繊維は分別していない
09,09041,1148,わかめ　乾燥わかめ　素干し　水戻し,91.7,-,-,4.0,Tr,4.3,-,-,4.3,水溶性食物繊維と不溶性食物繊維及び高分子量水溶性食物繊維と不溶性食物繊維は分別していない
09,09060,1148-1,わかめ　乾燥わかめ　素干し　水戻し　水煮,95.3,-,-,-,-,2.9,-,-,2.9,高分子量水溶性食物繊維と不溶性食物繊維は分別していない
09,09042,1149,わかめ　乾燥わかめ　板わかめ,7.2,-,-,31.7,-,-,-,-,-,水溶性食物繊維と不溶性食物繊維は分別していない
09,09043,1150,わかめ　乾燥わかめ　灰干し　水戻し,96.0,-,-,2.2,-,-,-,-,-,水溶性食物繊維と不溶性食物繊維は分別していない
09,09044,1151,わかめ　カットわかめ　乾,9.2,-,-,35.4,0.1,39.1,-,-,39.2,水溶性食物繊維と不溶性食物繊維及び高分子量水溶性食物繊維と不溶性食物繊維は分別していない
09,09058,1152,わかめ　カットわかめ　水煮　（沸騰水で短時間加熱したもの）,93.6,-,-,-,0,3.2,-,-,3.2,高分子量水溶性食物繊維と不溶性食物繊維は分別していない
09,09059,1153,わかめ　カットわかめ　水煮の汁,99.8,-,-,-,0,0,-,-,0,
09,09045,1154,わかめ　湯通し塩蔵わかめ　塩抜き　生,93.3,-,-,3.2,0,-,2.9,-,2.9,水溶性食物繊維と不溶性食物繊維及び高分子量水溶性食物繊維と不溶性食物繊維は分別していない
09,09057,1155,わかめ　湯通し塩蔵わかめ　塩抜き　ゆで,97.5,-,-,-,0,-,1.1,-,1.1,高分子量水溶性食物繊維と不溶性食物繊維は分別していない
09,09046,1157,わかめ　くきわかめ　湯通し塩蔵　塩抜き,84.9,-,-,5.1,-,-,-,-,-,水溶性食物繊維と不溶性食物繊維は分別していない
09,09047,1158,わかめ　めかぶわかめ　生,94.2,-,-,3.4,-,-,-,-,-,水溶性食物繊維と不溶性食物繊維は分別していない
10,10400,1282,＜魚類＞　きす　天ぷら,57.5,0.1,0.6,0.7,-,-,-,-,-,
10,10416,1545,＜えび・かに類＞　（えび類）　バナメイえび　養殖　天ぷら,62.0,0.1,0.7,0.9,-,-,-,-,-,
10,10419,1567,＜いか・たこ類＞　（いか類）　するめいか　胴　皮なし　天ぷら,64.9,0.1,0.7,0.8,-,-,-,-,-,
10,10423,1599,＜水産練り製品＞　黒はんぺん,70.4,Tr,0.9,0.9,-,-,-,-,-,
11,11276,1773,＜畜肉類＞　ぶた　［大型種肉］　ロース　脂身つき　とんかつ,31.2,0.1,0.6,0.7,-,-,-,-,-,
11,11279,1791,＜畜肉類＞　ぶた　［大型種肉］　ヒレ　赤肉　とんかつ,33.3,0.2,0.7,0.9,-,-,-,-,-,
11,11289,1894,＜鳥肉類＞　にわとり　［若どり・主品目］　もも　皮つき　から揚げ,41.2,0.2,0.6,0.8,-,-,-,-,-,
11,11290,1898,＜鳥肉類＞　にわとり　［若どり・主品目］　もも　皮なし　から揚げ,47.1,0.2,0.7,0.9,-,-,-,-,-,
11,11292,1914,＜鳥肉類＞　にわとり　［その他］　チキンナゲット,53.7,0.3,1.0,1.2,-,-,-,-,-,
11,11293,1915,＜鳥肉類＞　にわとり　［その他］　つくね,57.9,(0.8),(1.1),(1.9),-,-,-,-,-,
13,13030,1977,＜牛乳及び乳製品＞　（発酵乳・乳酸菌飲料）　乳酸菌飲料　非乳製品,89.3,0.2,0,0.2,-,-,-,-,-,
13,13042,1993,＜牛乳及び乳製品＞　（アイスクリーム類）　アイスクリーム　高脂肪,61.3,0.1,Tr,0.1,-,-,-,-,-,
13,13043,1994,＜牛乳及び乳製品＞　（アイスクリーム類）　アイスクリーム　普通脂肪,63.9,0.1,0,0.1,-,-,-,-,-,
13,13045,1996,＜牛乳及び乳製品＞　（アイスクリーム類）　ラクトアイス　普通脂肪,60.4,0.1,0,0.1,-,-,-,-,-,
15,15001,2038,＜和生菓子・和半生菓子類＞　甘納豆　あずき,26.2,0.3,4.5,4.8,-,-,-,-,-,
15,15002,2039,＜和生菓子・和半生菓子類＞　甘納豆　いんげんまめ,25.2,0.6,4.8,5.5,-,-,-,-,-,
15,15003,2040,＜和生菓子・和半生菓子類＞　甘納豆　えんどう,23.1,0.2,3.0,3.2,-,-,-,-,-,
15,15005,2041,＜和生菓子・和半生菓子類＞　今川焼　こしあん入り,45.5,(0.4),(1.0),(1.4),-,-,-,-,-,原材料配合割合から推計
15,15145,2042,＜和生菓子・和半生菓子類＞　今川焼　つぶしあん入り,45.5,(0.4),(1.2),(1.7),-,-,-,-,-,原材料配合割合から推計
15,15146,2043,＜和生菓子・和半生菓子類＞　今川焼　カスタードクリーム入り,45.5,(0.4),(0.5),(0.9),-,-,-,-,-,原材料配合割合から推計
15,15006,2044,＜和生菓子・和半生菓子類＞　ういろう　白,54.5,(0),(0.1),(0.1),-,-,-,-,-,原材料配合割合から推計
15,15147,2045,＜和生菓子・和半生菓子類＞　ういろう　黒,54.5,(0),(0.1),(0.1),-,-,-,-,-,原材料配合割合から推計
15,15007,2046,＜和生菓子・和半生菓子類＞　うぐいすもち　こしあん入り,40.0,(0.1),(1.7),(1.8),-,-,-,-,-,原材料配合割合から推計
15,15148,2047,＜和生菓子・和半生菓子類＞　うぐいすもち　つぶしあん入り,40.0,(0.1),(1.1),(1.2),-,-,-,-,-,原材料配合割合から推計
15,15008,2048,＜和生菓子・和半生菓子類＞　かしわもち　こしあん入り,48.5,(0.1),(1.6),(1.7),-,-,-,-,-,原材料配合割合から推計
15,15149,2049,＜和生菓子・和半生菓子類＞　かしわもち　つぶしあん入り,48.5,(0.1),(1.6),(1.7),-,-,-,-,-,原材料配合割合から推計
15,15009,2050,＜和生菓子・和半生菓子類＞　カステラ,25.6,(0.2),(0.3),(0.5),-,-,-,-,-,原材料配合割合から推計
15,15010,2051,＜和生菓子・和半生菓子類＞　かのこ,34.0,(0.2),(3.0),(3.8),-,-,-,-,-,原材料配合割合から推計
15,15011,2052,＜和生菓子・和半生菓子類＞　かるかん,42.5,(0.1),(0.3),(0.4),-,-,-,-,-,原材料配合割合から推計
15,15012,2053,＜和生菓子・和半生菓子類＞　きび団子,24.4,(0),(0.1),(0.1),-,-,-,-,-,原材料配合割合から推計
15,15013,2054,＜和生菓子・和半生菓子類＞　ぎゅうひ,36.0,(0),(0.1),(0.1),-,-,-,-,-,原材料配合割合から推計
15,15014,2055,＜和生菓子・和半生菓子類＞　きりざんしょ,38.0,(0),(0.2),(0.2),-,-,-,-,-,原材料配合割合から推計
15,15015,2056,＜和生菓子・和半生菓子類＞　きんぎょく糖,28.0,(0),(0),(0.8),-,-,-,-,-,原材料配合割合から推計
15,15016,2057,＜和生菓子・和半生菓子類＞　きんつば,34.0,(0.6),(4.9),(5.5),-,-,-,-,-,原材料配合割合から推計
15,15017,2058,＜和生菓子・和半生菓子類＞　草もち　こしあん入り,43.0,(0.1),(1.8),(1.9),-,-,-,-,-,原材料配合割合から推計
15,15150,2059,＜和生菓子・和半生菓子類＞　草もち　つぶしあん入り,43.0,(0.6),(2.1),(2.7),-,-,-,-,-,原材料配合割合から推計
15,15018,2060,＜和生菓子・和半生菓子類＞　くし団子　あん　こしあん入り,50.0,(Tr),(1.2),(1.2),-,-,-,-,-,原材料配合割合から推計
15,15151,2061,＜和生菓子・和半生菓子類＞　くし団子　あん　つぶしあん入り,50.0,(0.1),(1.2),(1.3),-,-,-,-,-,原材料配合割合から推計
15,15019,2062,＜和生菓子・和半生菓子類＞　くし団子　みたらし,50.5,(0),(0.3),(0.3),-,-,-,-,-,原材料配合割合から推計
15,15020,2065,＜和生菓子・和半生菓子類＞　げっぺい,20.9,(0.1),(2.0),(2.1),-,-,-,-,-,原材料配合割合から推計
15,15123,2066,＜和生菓子・和半生菓子類＞　五平もち,54.7,(Tr),(0.8),(0.8),(0.8),(Tr),(0.5),(0.1),(1.3),原材料配合割合から推計
15,15022,2067,＜和生菓子・和半生菓子類＞　桜もち　関西風　こしあん入り,50.0,(0.1),(1.6),(1.7),-,-,-,-,-,原材料配合割合から推計
15,15153,2068,＜和生菓子・和半生菓子類＞　桜もち　関西風　つぶしあん入り,50.0,(0.1),(1.2),(1.3),-,-,-,-,-,原材料配合割合から推計
15,15021,2069,＜和生菓子・和半生菓子類＞　桜もち　関東風　こしあん入り,40.5,(0.3),(2.3),(2.6),-,-,-,-,-,原材料配合割合から推計
15,15152,2070,＜和生菓子・和半生菓子類＞　桜もち　関東風　つぶしあん入り,40.5,(0.5),(2.1),(2.5),-,-,-,-,-,原材料配合割合から推計
15,15124,2071,＜和生菓子・和半生菓子類＞　笹だんご　こしあん入り,40.5,(0.2),(1.7),(1.9),-,-,-,-,-,原材料配合割合から推計
15,15154,2072,＜和生菓子・和半生菓子類＞　笹だんご　つぶしあん入り,40.5,(0.2),(2.1),(2.3),-,-,-,-,-,原材料配合割合から推計
15,15143,2073,＜和生菓子・和半生菓子類＞　ずんだあん,52.7,(0.3),(2.3),(2.5),-,-,-,-,-,原材料配合割合から推計
15,15144,2074,＜和生菓子・和半生菓子類＞　ずんだもち,47.8,(0.1),(1.2),(1.3),-,-,-,-,-,原材料配合割合から推計
15,15023,2075,＜和生菓子・和半生菓子類＞　大福もち　こしあん入り,41.5,(0.1),(1.8),(1.8),-,-,-,-,-,原材料配合割合から推計
15,15155,2076,＜和生菓子・和半生菓子類＞　大福もち　つぶしあん入り,41.5,(0.2),(2.5),(2.7),-,-,-,-,-,原材料配合割合から推計
15,15024,2077,＜和生菓子・和半生菓子類＞　タルト　（和菓子）,30.0,(0.2),(1.3),(1.5),-,-,-,-,-,原材料配合割合から推計
15,15025,2078,＜和生菓子・和半生菓子類＞　ちまき,62.0,(Tr),(0.1),(0.1),-,-,-,-,-,原材料配合割合から推計
15,15026,2079,＜和生菓子・和半生菓子類＞　ちゃつう,22.5,(0.3),(3.5),(3.8),-,-,-,-,-,原材料配合割合から推計
15,15156,2080,＜和生菓子・和半生菓子類＞　どら焼　こしあん入り,31.5,(0.3),(1.1),(1.5),-,-,-,-,-,原材料配合割合から推計
15,15027,2081,＜和生菓子・和半生菓子類＞　どら焼　つぶしあん入り,31.5,(0.4),(1.5),(1.9),-,-,-,-,-,原材料配合割合から推計
15,15157,2082,＜和生菓子・和半生菓子類＞　生八つ橋　あん入り　こしあん入り,30.5,(0.1),(1.5),(1.6),-,-,-,-,-,原材料配合割合から推計
15,15004,2083,＜和生菓子・和半生菓子類＞　生八つ橋　あん入り　こしあん・つぶしあん混合,30.5,(0.1),(2.0),(2.1),-,-,-,-,-,原材料配合割合から推計
15,15158,2084,＜和生菓子・和半生菓子類＞　生八つ橋　あん入り　つぶしあん入り,30.5,(0.2),(2.1),(2.3),-,-,-,-,-,原材料配合割合から推計
15,15028,2085,＜和生菓子・和半生菓子類＞　ねりきり,34.0,(0.2),(3.4),(3.6),-,-,-,-,-,原材料配合割合から推計
15,15029,2086,＜和生菓子・和半生菓子類＞　まんじゅう　カステラまんじゅう　こしあん入り,27.9,(0.4),(2.0),(2.4),-,-,-,-,-,原材料配合割合から推計
15,15159,2087,＜和生菓子・和半生菓子類＞　まんじゅう　カステラまんじゅう　つぶしあん入り,27.9,(0.6),(2.7),(3.2),-,-,-,-,-,原材料配合割合から推計
15,15160,2088,＜和生菓子・和半生菓子類＞　まんじゅう　かるかんまんじゅう　こしあん入り,42.5,(0.1),(1.3),(1.4),-,-,-,-,-,原材料配合割合から推計
15,15161,2089,＜和生菓子・和半生菓子類＞　まんじゅう　かるかんまんじゅう　つぶしあん入り,42.5,(0.2),(1.7),(1.9),-,-,-,-,-,原材料配合割合から推計
15,15030,2090,＜和生菓子・和半生菓子類＞　まんじゅう　くずまんじゅう　こしあん入り,45.0,(0.1),(2.1),(2.2),-,-,-,-,-,原材料配合割合から推計
15,15162,2091,＜和生菓子・和半生菓子類＞　まんじゅう　くずまんじゅう　つぶしあん入り,45.0,(0.1),(1.2),(1.3),-,-,-,-,-,原材料配合割合から推計
15,15031,2092,＜和生菓子・和半生菓子類＞　まんじゅう　くりまんじゅう　こしあん入り,24.0,(0.3),(3.0),(3.3),-,-,-,-,-,原材料配合割合から推計
15,15163,2093,＜和生菓子・和半生菓子類＞　まんじゅう　くりまんじゅう　つぶしあん入り,24.0,(0.6),(4.1),(4.7),-,-,-,-,-,原材料配合割合から推計
15,15032,2094,＜和生菓子・和半生菓子類＞　まんじゅう　とうまんじゅう　こしあん入り,28.0,(0.3),(1.4),(1.7),-,-,-,-,-,原材料配合割合から推計
15,15164,2095,＜和生菓子・和半生菓子類＞　まんじゅう　とうまんじゅう　つぶしあん入り,28.0,(0.4),(1.9),(2.3),-,-,-,-,-,原材料配合割合から推計
15,15033,2096,＜和生菓子・和半生菓子類＞　まんじゅう　蒸しまんじゅう　こしあん入り,35.0,(0.4),(2.1),(2.4),-,-,-,-,-,原材料配合割合から推計
15,15165,2097,＜和生菓子・和半生菓子類＞　まんじゅう　蒸しまんじゅう　つぶしあん入り,35.0,(0.5),(2.8),(3.4),-,-,-,-,-,原材料配合割合から推計
15,15034,2098,＜和生菓子・和半生菓子類＞　まんじゅう　中華まんじゅう　あんまん　こしあん入り,36.6,(0.6),(2.0),(2.6),-,-,-,-,-,原材料配合割合から推計
15,15166,2099,＜和生菓子・和半生菓子類＞　まんじゅう　中華まんじゅう　あんまん　つぶしあん入り,36.6,(0.7),(2.6),(3.3),-,-,-,-,-,原材料配合割合から推計
15,15035,2100,＜和生菓子・和半生菓子類＞　まんじゅう　中華まんじゅう　肉まん,39.5,(1.1),(2.2),(3.2),-,-,-,-,-,原材料配合割合から推計
15,15036,2101,＜和生菓子・和半生菓子類＞　もなか　こしあん入り,29.0,(0.1),(2.9),(3.1),-,-,-,-,-,原材料配合割合から推計
15,15167,2102,＜和生菓子・和半生菓子類＞　もなか　つぶしあん入り,29.0,(0.5),(5.6),(6.1),-,-,-,-,-,原材料配合割合から推計
15,15037,2103,＜和生菓子・和半生菓子類＞　ゆべし,22.0,(Tr),(0.5),(0.5),-,-,-,-,-,原材料配合割合から推計
15,15038,2104,＜和生菓子・和半生菓子類＞　ようかん　練りようかん,26.0,(0.1),(2.4),(3.1),-,-,-,-,-,原材料配合割合から推計
15,15039,2105,＜和生菓子・和半生菓子類＞　ようかん　水ようかん,57.0,(0.1),(1.7),(2.2),-,-,-,-,-,原材料配合割合から推計
15,15040,2106,＜和生菓子・和半生菓子類＞　ようかん　蒸しようかん,39.5,(0.2),(2.6),(2.8),-,-,-,-,-,原材料配合割合から推計
15,15042,2108,＜和干菓子類＞　芋かりんとう,5.5,(0.7),(1.9),(2.6),-,-,-,-,-,原材料配合割合から推計
15,15043,2109,＜和干菓子類＞　おこし,5.0,(0),(0.4),(0.4),-,-,-,-,-,原材料配合割合から推計
15,15044,2110,＜和干菓子類＞　おのろけ豆,3.0,(0.1),(2.2),(2.3),-,-,-,-,-,原材料配合割合から推計
15,15045,2111,＜和干菓子類＞　かりんとう　黒,3.5,(0.5),(0.7),(1.2),-,-,-,-,-,原材料配合割合から推計
15,15046,2112,＜和干菓子類＞　かりんとう　白,2.5,(0.7),(1.0),(1.7),-,-,-,-,-,原材料配合割合から推計
15,15047,2113,＜和干菓子類＞　ごかぼう,10.0,(0.6),(3.9),(4.5),-,-,-,-,-,原材料配合割合から推計
15,15048,2114,＜和干菓子類＞　小麦粉せんべい　磯部せんべい,4.2,(0.6),(0.7),(1.3),-,-,-,-,-,原材料配合割合から推計
15,15049,2115,＜和干菓子類＞　小麦粉せんべい　かわらせんべい,4.3,(0.6),(0.6),(1.2),-,-,-,-,-,原材料配合割合から推計
15,15050,2116,＜和干菓子類＞　小麦粉せんべい　巻きせんべい,3.5,(0.5),(0.5),(1.0),-,-,-,-,-,原材料配合割合から推計
15,15051,2117,＜和干菓子類＞　小麦粉せんべい　南部せんべい　ごま入り,3.3,(1.4),(2.9),(4.2),-,-,-,-,-,原材料配合割合から推計
15,15052,2118,＜和干菓子類＞　小麦粉せんべい　南部せんべい　落花生入り,3.3,(1.1),(2.4),(3.5),-,-,-,-,-,原材料配合割合から推計
15,15053,2119,＜和干菓子類＞　しおがま,10.0,(Tr),(0.6),(0.6),-,-,-,-,-,原材料配合割合から推計
15,15056,2120,＜和干菓子類＞　ひなあられ　関西風,2.6,(0),(1.3),(1.3),-,-,-,-,-,原材料配合割合から推計
15,15055,2121,＜和干菓子類＞　ひなあられ　関東風,4.7,(0.2),(2.4),(2.5),-,-,-,-,-,原材料配合割合から推計
15,15057,2122,＜和干菓子類＞　米菓　揚げせんべい,4.0,(0),(0.5),(0.5),-,-,-,-,-,原材料配合割合から推計
15,15058,2123,＜和干菓子類＞　米菓　甘辛せんべい,4.5,(Tr),(0.6),(0.6),-,-,-,-,-,原材料配合割合から推計
15,15059,2124,＜和干菓子類＞　米菓　あられ,4.4,(0),(0.8),(0.8),-,-,-,-,-,原材料配合割合から推計
15,15060,2125,＜和干菓子類＞　米菓　しょうゆせんべい,5.9,(0),(0.6),(0.6),-,-,-,-,-,原材料配合割合から推計
15,15062,2127,＜和干菓子類＞　ボーロ　そばボーロ,2.0,(0.6),(1.0),(1.5),-,-,-,-,-,原材料配合割合から推計
15,15063,2128,＜和干菓子類＞　松風,5.3,(0.6),(0.6),(1.2),-,-,-,-,-,原材料配合割合から推計
15,15064,2129,＜和干菓子類＞　みしま豆,1.6,(0.9),(5.1),(6.0),-,-,-,-,-,原材料配合割合から推計
15,15065,2130,＜和干菓子類＞　八つ橋,1.8,(0),(0.3),(0.3),-,-,-,-,-,原材料配合割合から推計
15,15066,2131,＜和干菓子類＞　らくがん　らくがん,3.0,(0),(0.2),(0.2),-,-,-,-,-,原材料配合割合から推計
15,15067,2132,＜和干菓子類＞　らくがん　麦らくがん,2.4,(1.8),(3.6),(5.4),-,-,-,-,-,原材料配合割合から推計
15,15068,2133,＜和干菓子類＞　らくがん　もろこしらくがん,2.5,(0.2),(6.7),(6.9),-,-,-,-,-,原材料配合割合から推計
15,15125,2134,＜菓子パン類＞　揚げパン,27.7,0.8,1.1,1.8,-,-,-,-,-,
15,15069,2135,＜菓子パン類＞　あんパン　こしあん入り,35.5,(0.4),(2.0),(2.5),-,-,-,-,-,原材料配合割合から推計
15,15168,2136,＜菓子パン類＞　あんパン　つぶしあん入り,35.5,(0.6),(2.7),(3.3),-,-,-,-,-,原材料配合割合から推計
15,15126,2137,＜菓子パン類＞　あんパン　薄皮タイプ　こしあん入り,37.4,(0.4),(2.0),(2.4),-,-,-,-,-,原材料配合割合から推計
15,15169,2138,＜菓子パン類＞　あんパン　薄皮タイプ　つぶしあん入り,37.4,(0.6),(2.6),(3.2),-,-,-,-,-,原材料配合割合から推計
15,15127,2139,＜菓子パン類＞　カレーパン　皮及び具,41.3,(0.6),(1.0),(1.6),-,-,-,-,-,原材料配合割合から推計
15,15128,2140,＜菓子パン類＞　カレーパン　皮のみ,30.8,0.6,0.7,1.3,-,-,-,-,-,
15,15129,2141,＜菓子パン類＞　カレーパン　具のみ,64.5,0.6,1.7,2.4,-,-,-,-,-,
15,15070,2142,＜菓子パン類＞　クリームパン,35.5,(0.5),(0.8),(1.3),-,-,-,-,-,原材料配合割合から推計
15,15130,2143,＜菓子パン類＞　クリームパン　薄皮タイプ,52.2,(0.3),(0.4),(0.6),-,-,-,-,-,原材料配合割合から推計
15,15071,2144,＜菓子パン類＞　ジャムパン,32.0,(0.7),(0.9),(1.6),-,-,-,-,-,原材料配合割合から推計
15,15072,2145,＜菓子パン類＞　チョココロネ,33.5,(0.4),(0.7),(1.1),-,-,-,-,-,原材料配合割合から推計
15,15131,2146,＜菓子パン類＞　チョコパン　薄皮タイプ,35.0,(0.3),(0.5),(0.8),-,-,-,-,-,原材料配合割合から推計
15,15132,2147,＜菓子パン類＞　メロンパン,20.9,(0.9),(0.8),(1.7),-,-,-,-,-,原材料配合割合から推計
15,15181,2148,＜菓子パン類＞　菓子パン　あんなし,30.7,(0.7),(1.0),(1.7),-,-,-,-,-,原材料配合割合から推計
15,15073,2149,＜ケーキ・ペストリー類＞　シュークリーム,56.3,(0.1),(0.2),(0.3),-,-,-,-,-,原材料配合割合から推計
15,15074,2150,＜ケーキ・ペストリー類＞　スポンジケーキ,32.0,(0.3),(0.4),(0.7),-,-,-,-,-,原材料配合割合から推計
15,15075,2151,＜ケーキ・ペストリー類＞　ショートケーキ　果実なし,35.0,(0.3),(0.3),(0.6),-,-,-,-,-,原材料配合割合から推計
15,15170,2152,＜ケーキ・ペストリー類＞　ショートケーキ　いちご,35.0,(0.4),(0.5),(0.9),-,-,-,-,-,原材料配合割合から推計
15,15133,2153,＜ケーキ・ペストリー類＞　タルト　（洋菓子）,50.3,(0.6),(0.8),(1.4),-,-,-,-,-,原材料配合割合から推計
15,15134,2154,＜ケーキ・ペストリー類＞　チーズケーキ　ベイクドチーズケーキ,46.1,(0.1),(0.1),(0.2),-,-,-,-,-,原材料配合割合から推計
15,15135,2155,＜ケーキ・ペストリー類＞　チーズケーキ　レアチーズケーキ,43.1,(0.2),(0.1),(0.3),-,-,-,-,-,原材料配合割合から推計
15,15182,2156,＜ケーキ・ペストリー類＞　デニッシュペストリー　アメリカンタイプ　プレーン,31.3,(0.8),(1.4),(2.1),-,-,-,-,-,原材料配合割合から推計
15,15076,2157,＜ケーキ・ペストリー類＞　デニッシュペストリー　デンマークタイプ　プレーン　,25.5,(1.0),(1.7),(2.7),-,-,-,-,-,原材料配合割合から推計
15,15183,2158,＜ケーキ・ペストリー類＞　デニッシュペストリー　アメリカンタイプ　あん入り　こしあん,32.8,(0.5),(2.3),(2.9),-,-,-,-,-,原材料配合割合から推計
15,15184,2159,＜ケーキ・ペストリー類＞　デニッシュペストリー　アメリカンタイプ　あん入り　つぶしあん,34.6,(0.7),(3.0),(3.6),-,-,-,-,-,原材料配合割合から推計
15,15171,2160,＜ケーキ・ペストリー類＞　デニッシュペストリー　デンマークタイプ　あん入り　こしあん,25.5,(0.7),(2.7),(3.3),-,-,-,-,-,原材料配合割合から推計
15,15172,2161,＜ケーキ・ペストリー類＞　デニッシュペストリー　デンマークタイプ　あん入り　つぶしあん,25.5,(0.8),(3.4),(4.2),-,-,-,-,-,原材料配合割合から推計
15,15185,2162,＜ケーキ・ペストリー類＞　デニッシュペストリー　アメリカンタイプ　あん入り　カスタードクリーム,42.8,(0.5),(0.9),(1.4),-,-,-,-,-,原材料配合割合から推計
15,15173,2163,＜ケーキ・ペストリー類＞　デニッシュペストリー　デンマークタイプ　あん入り　カスタードクリーム,25.5,(0.8),(1.3),(2.1),-,-,-,-,-,原材料配合割合から推計
15,15077,2164,＜ケーキ・ペストリー類＞　ドーナッツ　イーストドーナッツ　プレーン,27.5,(0.6),(0.9),(1.5),-,-,-,-,-,原材料配合割合から推計
15,15174,2165,＜ケーキ・ペストリー類＞　ドーナッツ　イーストドーナッツ　あん入り　こしあん,27.5,(0.4),(2.1),(2.6),-,-,-,-,-,原材料配合割合から推計
15,15175,2166,＜ケーキ・ペストリー類＞　ドーナッツ　イーストドーナッツ　あん入り　つぶしあん,27.5,(0.6),(2.8),(3.4),-,-,-,-,-,原材料配合割合から推計
15,15176,2167,＜ケーキ・ペストリー類＞　ドーナッツ　イーストドーナッツ　あん入り　カスタードクリーム,27.5,(0.5),(0.7),(1.2),-,-,-,-,-,原材料配合割合から推計
15,15078,2168,＜ケーキ・ペストリー類＞　ドーナッツ　ケーキドーナッツ　プレーン,20.0,(0.6),(0.6),(1.2),-,-,-,-,-,原材料配合割合から推計
15,15177,2169,＜ケーキ・ペストリー類＞　ドーナッツ　ケーキドーナッツ　あん入り　こしあん,20.0,(0.3),(2.1),(2.4),-,-,-,-,-,原材料配合割合から推計
15,15178,2170,＜ケーキ・ペストリー類＞　ドーナッツ　ケーキドーナッツ　あん入り　つぶしあん,20.0,(0.5),(2.9),(3.4),-,-,-,-,-,原材料配合割合から推計
15,15179,2171,＜ケーキ・ペストリー類＞　ドーナッツ　ケーキドーナッツ　あん入り　カスタードクリーム,20.0,(0.3),(0.4),(0.7),-,-,-,-,-,原材料配合割合から推計
15,15079,2172,＜ケーキ・ペストリー類＞　パイ　パイ皮,32.0,(0.6),(0.7),(1.3),-,-,-,-,-,原材料配合割合から推計
15,15080,2173,＜ケーキ・ペストリー類＞　パイ　アップルパイ,45.0,(0.4),(0.7),(1.2),-,-,-,-,-,原材料配合割合から推計
15,15081,2174,＜ケーキ・ペストリー類＞　パイ　ミートパイ,36.2,(0.7),(1.1),(1.8),-,-,-,-,-,原材料配合割合から推計
15,15082,2175,＜ケーキ・ペストリー類＞　バターケーキ,20.0,(0.3),(0.4),(0.7),-,-,-,-,-,原材料配合割合から推計
15,15083,2176,＜ケーキ・ペストリー類＞　ホットケーキ,40.0,(0.5),(0.6),(1.1),-,-,-,-,-,原材料配合割合から推計
15,15084,2177,＜ケーキ・ペストリー類＞　ワッフル　カスタードクリーム入り,45.9,(0.4),(0.4),(0.8),-,-,-,-,-,原材料配合割合から推計
15,15085,2178,＜ケーキ・ペストリー類＞　ワッフル　ジャム入り,33.0,(0.7),(0.7),(1.3),-,-,-,-,-,原材料配合割合から推計
15,15136,2180,＜デザート菓子類＞　牛乳寒天,85.2,(0),(0),(0.5),-,-,-,-,-,原材料配合割合から推計
15,15142,2181,＜デザート菓子類＞　こんにゃくゼリー,83.2,(0.8),(0),(0.8),-,-,-,-,-,原材料配合割合から推計
15,15087,2182,＜デザート菓子類＞　ゼリー　オレンジ,77.6,(0.2),(0),(0.2),-,-,-,-,-,原材料配合割合から推計
15,15092,2187,＜ビスケット類＞　ウエハース,2.1,0.7,0.5,1.2,-,-,-,-,-,
15,15141,2188,＜ビスケット類＞　ウエハース　クリーム入り,2.7,(0.9),(1.2),(2.1),-,-,-,-,-,原材料配合割合から推計
15,15093,2189,＜ビスケット類＞　クラッカー　オイルスプレークラッカー,2.7,1.5,0.6,2.1,-,-,-,-,-,
15,15094,2190,＜ビスケット類＞　クラッカー　ソーダクラッカー,3.1,1.3,0.8,2.1,-,-,-,-,-,
15,15095,2191,＜ビスケット類＞　サブレ,3.1,(0.6),(0.7),(1.3),-,-,-,-,-,原材料配合割合から推計
15,15054,2192,＜ビスケット類＞　中華風クッキー,3.0,(0.5),(0.6),(1.1),-,-,-,-,-,原材料配合割合から推計
15,15097,2193,＜ビスケット類＞　ビスケット　ハードビスケット,2.6,1.6,0.7,2.3,-,-,-,-,-,
15,15098,2194,＜ビスケット類＞　ビスケット　ソフトビスケット,3.2,0.9,0.5,1.4,-,-,-,-,-,
15,15099,2195,＜ビスケット類＞　プレッツェル,1.0,1.6,1.0,2.6,-,-,-,-,-,
15,15096,2196,＜ビスケット類＞　リーフパイ,2.5,0.8,0.9,1.7,-,-,-,-,-,
15,15100,2197,＜ビスケット類＞　ロシアケーキ,4.0,(0.5),(1.3),(1.8),-,-,-,-,-,原材料配合割合から推計
15,15101,2198,＜スナック類＞　小麦粉あられ,2.0,(1.1),(1.2),(2.3),-,-,-,-,-,原材料配合割合から推計
15,15102,2199,＜スナック類＞　コーンスナック,0.9,0.2,0.8,1.0,-,-,-,-,-,
15,15103,2200,＜スナック類＞　ポテトチップス　ポテトチップス,2.0,1.1,3.1,4.2,-,-,-,-,-,
15,15104,2201,＜スナック類＞　ポテトチップス　成形ポテトチップス,2.2,1.9,2.9,4.8,-,-,-,-,-,
15,15107,2204,＜キャンデー類＞　ゼリーキャンデー,16.0,-,(0),(0.9),-,-,-,-,-,原材料配合割合から推計
15,15108,2205,＜キャンデー類＞　ゼリービーンズ,9.5,(0),(0),(0.9),-,-,-,-,-,原材料配合割合から推計
15,15112,2208,＜キャンデー類＞　ブリットル,1.5,(0.1),(3.4),(3.6),-,-,-,-,-,原材料配合割合から推計
15,15137,2211,＜チョコレート類＞　アーモンドチョコレート,2.0,(0.9),(5.2),(6.1),-,-,-,-,-,原材料配合割合から推計
15,15114,2212,＜チョコレート類＞　カバーリングチョコレート,2.0,(1.2),(2.0),(3.2),-,-,-,-,-,原材料配合割合から推計
15,15186,2212-1,＜チョコレート類＞　スイートチョコレート,0.6,-,-,-,1.1,1.2,5.4,0.2,7.7,
15,15187,2212-2,＜チョコレート類＞　スイートチョコレート　カカオ増量,0.9,-,-,-,0.8,2.1,10.2,0.4,13.1,
15,15115,2213,＜チョコレート類＞　ホワイトチョコレート,0.8,0.6,0,0.6,-,-,-,-,-,
15,15116,2214,＜チョコレート類＞　ミルクチョコレート,0.5,1.0,2.9,3.9,-,-,-,-,-,
15,15138,2219,＜その他＞　カスタードクリーム,61.8,(0.1),(0.1),(0.2),-,-,-,-,-,原材料配合割合から推計
15,15139,2220,＜その他＞　しるこ　こしあん,46.1,(0.1),(3.1),(3.2),-,-,-,-,-,原材料配合割合から推計
15,15140,2221,＜その他＞　しるこ　つぶしあん,54.5,(0.4),(3.9),(4.3),-,-,-,-,-,原材料配合割合から推計
15,15180,2222,＜その他＞　チョコレートクリーム,14.6,(0.2),(0.5),(0.6),-,-,-,-,-,原材料配合割合から推計
16,16001,2223,＜アルコール飲料類＞　（醸造酒類）　清酒　普通酒,82.4,0,0,0,-,-,-,-,-,
16,16002,2224,＜アルコール飲料類＞　（醸造酒類）　清酒　純米酒,83.7,0,0,0,-,-,-,-,-,
16,16003,2225,＜アルコール飲料類＞　（醸造酒類）　清酒　本醸造酒,82.8,0,0,0,-,-,-,-,-,
16,16004,2226,＜アルコール飲料類＞　（醸造酒類）　清酒　吟醸酒,83.6,0,0,0,-,-,-,-,-,
16,16005,2227,＜アルコール飲料類＞　（醸造酒類）　清酒　純米吟醸酒,83.5,0,0,0,-,-,-,-,-,
16,16006,2228,＜アルコール飲料類＞　（醸造酒類）　ビール　淡色,92.8,0,0,0,-,-,-,-,-,
16,16007,2229,＜アルコール飲料類＞　（醸造酒類）　ビール　黒,91.6,0.2,0,0.2,-,-,-,-,-,
16,16008,2230,＜アルコール飲料類＞　（醸造酒類）　ビール　スタウト,88.4,0.3,0,0.3,-,-,-,-,-,
16,16009,2231,＜アルコール飲料類＞　（醸造酒類）　発泡酒,92.0,0,0,0,-,-,-,-,-,
16,16012,2234,＜アルコール飲料類＞　（醸造酒類）　ぶどう酒　ロゼ,87.4,0,0,0,-,-,-,-,-,
16,16013,2235,＜アルコール飲料類＞　（醸造酒類）　紹興酒,78.8,Tr,0,Tr,-,-,-,-,-,
16,16059,2256,＜アルコール飲料類＞　（混成酒類）　缶チューハイ　レモン風味,91.4,Tr,Tr,0.1,-,-,-,-,-,
16,16033,2257,＜茶類＞　（緑茶類）　玉露　茶,3.1,5.0,38.9,43.9,-,-,-,-,-,
16,16035,2259,＜茶類＞　（緑茶類）　抹茶　茶,5.0,6.6,31.9,38.5,-,-,-,-,-,
16,16036,2260,＜茶類＞　（緑茶類）　せん茶　茶,2.8,3.0,43.5,46.5,-,-,-,-,-,
16,16062,2262-1,＜茶類＞　（緑茶類）　番茶　茶,2.8,-,-,-,1.8,6.0,30.7,-,38.5,
16,16063,2263-1,＜茶類＞　（緑茶類）　ほうじ茶　茶,1.8,-,-,-,2.0,6.9,40.4,-,49.3,
16,16041,2265,＜茶類＞　（緑茶類）　玄米茶　浸出液,99.9,0,0,0,-,-,-,-,-,
16,16043,2267,＜茶類＞　（発酵茶類）　紅茶　茶,6.2,4.4,33.7,38.1,-,-,-,-,-,
16,16048,2272,＜コーヒー・ココア類＞　ココア　ピュアココア,4.0,5.6,18.3,23.9,-,-,-,-,-,
16,16049,2273,＜コーヒー・ココア類＞　ココア　ミルクココア,1.6,1.3,4.2,5.5,-,-,-,-,-,
16,16056,2274,＜その他＞　青汁　ケール,2.3,12.8,15.2,28.0,-,-,-,-,-,
16,16050,2275,＜その他＞　甘酒,79.7,0.1,0.3,0.4,-,-,-,-,-,
16,16051,2276,＜その他＞　昆布茶,1.4,2.0,0.8,2.8,-,-,-,-,-,
16,16057,2277,＜その他＞　スポーツドリンク,94.7,Tr,0,Tr,-,-,-,-,-,
17,17001,2284,＜調味料類＞　（ウスターソース類）　ウスターソース,61.3,0.3,0.2,0.5,-,-,-,-,-,
17,17002,2285,＜調味料類＞　（ウスターソース類）　中濃ソース,60.9,0.5,0.5,1.0,-,-,-,-,-,
17,17003,2286,＜調味料類＞　（ウスターソース類）　濃厚ソース,60.7,0.5,0.5,1.0,-,-,-,-,-,
17,17085,2287,＜調味料類＞　（ウスターソース類）　お好み焼きソース,58.1,0.4,0.5,0.9,-,-,-,-,-,
17,17004,2288,＜調味料類＞　（辛味調味料類）　トウバンジャン,69.7,0.6,3.7,4.3,-,-,-,-,-,
17,17139,2294,＜調味料類＞　（しょうゆ類）　うすくちしょうゆ　低塩,70.9,-,-,-,-,-,(Tr),Tr,(Tr),不溶性食物繊維： 難消化性でん粉量から推計
17,17017,2310,＜調味料類＞　（食酢類）　果実酢　ぶどう酢,93.7,0,0,0,-,-,-,-,-,
17,17130,2312,＜調味料類＞　（だし類）　あごだし,99.8,Tr,0,Tr,-,-,-,-,-,
17,17019,2313,＜調味料類＞　（だし類）　かつおだし　荒節,99.4,0,0,0,-,-,-,-,-,
17,17131,2314,＜調味料類＞　（だし類）　かつおだし　本枯れ節,99.4,0,0,0,-,-,-,-,-,
17,17132,2316,＜調味料類＞　（だし類）　昆布だし　煮出し,98.1,0.1,0,0.1,-,-,-,-,-,
17,17148,2318,＜調味料類＞　（だし類）　かつお・昆布だし　本枯れ節・昆布だし,99.2,Tr,-,Tr,-,-,-,-,-,
17,17027,2324,＜調味料類＞　（だし類）　固形ブイヨン,0.8,0.3,0,0.3,-,-,-,-,-,
17,17028,2327,＜調味料類＞　（だし類）　顆粒和風だし,1.6,0,0,0,-,-,-,-,-,
17,17143,2333,＜調味料類＞　（だし類）　ラーメンスープ　濃縮　みそ味　ストレートみそ味,48.4,(0.2),(1.3),(1.6),-,-,-,-,-,原材料配合割合から推計
17,17095,2335,＜調味料類＞　（調味ソース類）　エビチリの素,85.8,(0.2),(0.5),(0.6),-,-,-,-,-,原材料配合割合から推計
17,17031,2336,＜調味料類＞　（調味ソース類）　オイスターソース,61.6,0.2,0,0.2,-,-,-,-,-,
17,17133,2338,＜調味料類＞　（調味ソース類）　魚醤油　いかなごしょうゆ,63.0,Tr,0,Tr,-,-,-,-,-,
17,17134,2339,＜調味料類＞　（調味ソース類）　魚醤油　いしる　（いしり）,61.2,0.3,Tr,0.3,-,-,-,-,-,
17,17135,2340,＜調味料類＞　（調味ソース類）　魚醤油　しょっつる,69.4,0.1,Tr,0.1,-,-,-,-,-,
17,17097,2342,＜調味料類＞　（調味ソース類）　ごま酢,53.2,(0.4),(1.5),(1.9),-,-,-,-,-,原材料配合割合から推計
17,17098,2343,＜調味料類＞　（調味ソース類）　ごまだれ,40.7,(0.5),(2.5),(3.0),-,-,-,-,-,原材料配合割合から推計
17,17104,2349,＜調味料類＞　（調味ソース類）　中華風合わせ酢,60.5,(0),(Tr),(Tr),-,-,-,-,-,原材料配合割合から推計
17,17106,2351,＜調味料類＞　（調味ソース類）　テンメンジャン,37.5,1.2,1.9,3.1,-,-,-,-,-,
17,17109,2353,＜調味料類＞　（調味ソース類）　ホワイトソース,81.7,0.2,0.2,0.4,-,-,-,-,-,
17,17110,2354,＜調味料類＞　（調味ソース類）　ぽん酢しょうゆ,82.1,(0.2),(0.1),(0.2),-,-,-,-,-,原材料配合割合から推計
17,17137,2355,＜調味料類＞　（調味ソース類）　ぽん酢しょうゆ　市販品,77.0,(0.2),(0.1),(0.3),-,-,-,-,-,原材料配合割合から推計
17,17144,2359,＜調味料類＞　（調味ソース類）　焼きそば粉末ソース,0.1,-,-,-,1.1,1.5,0.6,0.1,3.3,
17,17113,2361,＜調味料類＞　（調味ソース類）　焼き肉のたれ,52.4,(0.1),(0.3),(0.4),-,-,-,-,-,原材料配合割合から推計
17,17115,2363,＜調味料類＞　（調味ソース類）　ゆずこしょう,64.5,2.3,3.9,6.2,-,-,-,-,-,
17,17034,2364,＜調味料類＞　（トマト加工品類）　トマトピューレー,86.9,1.0,0.8,1.8,-,-,-,-,-,
17,17035,2365,＜調味料類＞　（トマト加工品類）　トマトペースト,71.3,2.4,2.3,4.7,-,-,-,-,-,
17,17036,2366,＜調味料類＞　（トマト加工品類）　トマトケチャップ,66.0,0.6,1.2,1.7,-,-,-,-,-,
17,17037,2367,＜調味料類＞　（トマト加工品類）　トマトソース,87.1,0.3,0.8,1.1,-,-,-,-,-,
17,17038,2368,＜調味料類＞　（トマト加工品類）　チリソース,67.3,0.8,1.1,1.9,-,-,-,-,-,
17,17118,2371,＜調味料類＞　（ドレッシング類）　半固形状ドレッシング　マヨネーズタイプ調味料　低カロリータイプ,60.9,0.7,Tr,0.8,-,-,-,-,-,
17,17116,2373,＜調味料類＞　（ドレッシング類）　分離液状ドレッシング　和風ドレッシング　分離液状,69.4,(Tr),(0.2),(0.2),-,-,-,-,-,原材料配合割合から推計
17,17039,2374,＜調味料類＞　（ドレッシング類）　分離液状ドレッシング　和風ドレッシングタイプ調味料　ノンオイルタイプ,71.8,0.2,0,0.2,-,-,-,-,-,
17,17117,2375,＜調味料類＞　（ドレッシング類）　乳化液状ドレッシング　ごまドレッシング,38.1,(0.2),(0.7),(0.8),-,-,-,-,-,原材料配合割合から推計
17,17041,2376,＜調味料類＞　（ドレッシング類）　乳化液状ドレッシング　サウザンアイランドドレッシング,44.1,(0.1),(0.3),(0.4),-,-,-,-,-,原材料配合割合から推計
17,17044,2378,＜調味料類＞　（みそ類）　米みそ　甘みそ,42.6,0.3,5.3,5.6,-,-,-,-,-,
17,17045,2379,＜調味料類＞　（みそ類）　米みそ　淡色辛みそ,45.4,0.6,4.3,4.9,-,-,-,-,-,
17,17046,2380,＜調味料類＞　（みそ類）　米みそ　赤色辛みそ,45.7,0.6,3.5,4.1,-,-,-,-,-,
17,17120,2381,＜調味料類＞　（みそ類）　米みそ　だし入りみそ,49.9,0.5,3.6,4.1,-,-,-,-,-,
17,17145,2382,＜調味料類＞　（みそ類）　米みそ　だし入りみそ　減塩,52.5,-,-,-,1.0,0.9,3.0,0.1,4.9,
17,17047,2383,＜調味料類＞　（みそ類）　麦みそ,44.0,0.7,5.6,6.3,-,-,-,-,-,
17,17048,2384,＜調味料類＞　（みそ類）　豆みそ,44.9,2.2,4.3,6.5,-,-,-,-,-,
17,17119,2385,＜調味料類＞　（みそ類）　減塩みそ,46.0,0.9,3.5,4.3,-,-,-,-,-,
17,17049,2386,＜調味料類＞　（みそ類）　即席みそ　粉末タイプ,2.4,1.1,5.5,6.6,-,-,-,-,-,
17,17050,2387,＜調味料類＞　（みそ類）　即席みそ　ペーストタイプ,61.5,0.5,2.2,2.8,-,-,-,-,-,
17,17121,2388,＜調味料類＞　（みそ類）　辛子酢みそ,43.6,(0.1),(2.5),(2.7),-,-,-,-,-,原材料配合割合から推計
17,17122,2389,＜調味料類＞　（みそ類）　ごまみそ,42.7,(0.6),(4.9),(5.5),-,-,-,-,-,原材料配合割合から推計
17,17123,2390,＜調味料類＞　（みそ類）　酢みそ,44.2,(0.2),(2.7),(2.8),-,-,-,-,-,原材料配合割合から推計
17,17124,2391,＜調味料類＞　（みそ類）　練りみそ,29.9,(0.2),(3.0),(3.2),-,-,-,-,-,原材料配合割合から推計
17,17051,2392,＜調味料類＞　（ルウ類）　カレールウ,3.0,1.2,2.5,3.7,1.2,1.7,3.4,-,6.4,
17,17052,2393,＜調味料類＞　（ルウ類）　ハヤシルウ,2.2,1.4,1.1,2.5,-,-,-,-,-,
17,17125,2394,＜調味料類＞　（その他）　お茶漬けの素　さけ,2.9,(0.3),(1.0),(3.5),-,-,-,-,-,原材料配合割合から推計
17,17136,2395,＜調味料類＞　（その他）　キムチの素,58.2,1.0,2.7,3.6,-,-,-,-,-,
17,17053,2396,＜調味料類＞　（その他）　酒かす,51.1,0,5.2,5.2,-,-,-,-,-,
17,17126,2397,＜調味料類＞　（その他）　即席すまし汁,2.8,(0.2),(0.9),(3.3),-,-,-,-,-,原材料配合割合から推計
17,17127,2398,＜調味料類＞　（その他）　ふりかけ　たまご,2.5,(0.7),(2.5),(5.1),-,-,-,-,-,原材料配合割合から推計
17,17138,2400,＜調味料類＞　（その他）　料理酒,82.4,0,0,0,-,-,-,-,-,
17,17061,2407,＜香辛料類＞　カレー粉,5.7,6.5,30.4,36.9,-,-,-,-,-,
17,17082,2429,＜その他＞　酵母　パン酵母　圧搾,68.1,0.8,9.5,10.3,-,-,-,-,-,
17,17083,2430,＜その他＞　酵母　パン酵母　乾燥,8.7,2.5,30.1,32.6,-,-,-,-,-,
18,18024,2432,和風料理　和え物類　青菜の白和え,79.7,(0.4),(2.0),(2.4),-,-,-,-,-,原材料配合割合から推計
18,18025,2433,和風料理　和え物類　いんげんのごま和え,81.4,(0.6),(2.2),(2.8),-,-,-,-,-,原材料配合割合から推計
18,18026,2434,和風料理　和え物類　わかめとねぎの酢みそ和え,76.3,(0.5),(1.6),(2.5),-,-,-,-,-,原材料配合割合から推計
18,18028,2435,和風料理　汁物類　とん汁,94.4,(0.2),(0.4),(0.5),-,-,-,-,-,原材料配合割合から推計
18,18027,2436,和風料理　酢の物類　紅白なます,90.3,(0.3),(0.6),(0.9),-,-,-,-,-,原材料配合割合から推計
18,18029,2437,和風料理　煮物類　卯の花いり,79.1,(0.3),(4.8),(5.1),-,-,-,-,-,原材料配合割合から推計
18,18030,2438,和風料理　煮物類　親子丼の具,79.4,(0.1),(0.2),(0.4),-,-,-,-,-,原材料配合割合から推計
18,18031,2439,和風料理　煮物類　牛飯の具,78.8,(0.2),(0.7),(1.0),-,-,-,-,-,原材料配合割合から推計
18,18032,2440,和風料理　煮物類　切り干し大根の煮物,88.2,(0.3),(1.6),(2.0),-,-,-,-,-,原材料配合割合から推計
18,18033,2441,和風料理　煮物類　きんぴらごぼう,81.6,(1.3),(1.9),(3.2),-,-,-,-,-,原材料配合割合から推計
18,18034,2442,和風料理　煮物類　ぜんまいのいため煮,82.3,(0.3),(1.9),(2.2),-,-,-,-,-,原材料配合割合から推計
18,18035,2443,和風料理　煮物類　筑前煮,80.4,(0.5),(1.3),(1.8),-,-,-,-,-,原材料配合割合から推計
18,18036,2444,和風料理　煮物類　肉じゃが,79.6,(0.4),(0.9),(1.3),-,-,-,-,-,原材料配合割合から推計
18,18037,2445,和風料理　煮物類　ひじきのいため煮,80.8,(0.1),(0.4),(3.4),-,-,-,-,-,原材料配合割合から推計
18,18038,2446,和風料理　その他　アジの南蛮漬け,78.0,(0.2),(0.8),(0.9),-,-,-,-,-,原材料配合割合から推計
18,18053,2446-1,和風料理　その他　お好み焼き,71.8,-,-,-,0.6,0.5,1.6,0.4,2.6,
18,18054,2446-2,和風料理　その他　とりから揚げ,55.8,-,-,-,0.6,0.4,0.6,-,1.7,
18,18023,2447,和風料理　その他　松前漬け　しょうゆ漬,51.2,-,-,1.6,-,-,-,-,-,
18,18040,2448,洋風料理　カレー類　チキンカレー,75.2,(0.4),(0.8),(1.2),-,-,-,-,-,原材料配合割合から推計
18,18001,2449,洋風料理　カレー類　ビーフカレー,78.5,(0.3),(0.6),(0.9),-,-,-,-,-,原材料配合割合から推計
18,18041,2450,洋風料理　カレー類　ポークカレー,79.2,(0.3),(0.6),(0.9),-,-,-,-,-,原材料配合割合から推計
18,18043,2451,洋風料理　コロッケ類　カニクリームコロッケ,54.6,(0.4),(0.6),(1.0),-,-,-,-,-,原材料配合割合から推計
18,18044,2452,洋風料理　コロッケ類　コーンクリームコロッケ,54.1,(0.4),(1.0),(1.4),-,-,-,-,-,原材料配合割合から推計
18,18018,2453,洋風料理　コロッケ類　ポテトコロッケ,55.5,(0.7),(1.3),(2.0),-,-,-,-,-,原材料配合割合から推計
18,18045,2454,洋風料理　シチュー類　チキンシチュー,76.7,(0.3),(0.8),(1.2),-,-,-,-,-,原材料配合割合から推計
18,18011,2455,洋風料理　シチュー類　ビーフシチュー,74.9,(0.2),(0.5),(0.7),-,-,-,-,-,原材料配合割合から推計
18,18015,2456,洋風料理　素揚げ類　ミートボール,62.1,(0.5),(0.9),(1.3),-,-,-,-,-,原材料配合割合から推計
18,18042,2457,洋風料理　スープ類　かぼちゃのクリームスープ,83.3,(0.3),(1.0),(1.3),-,-,-,-,-,原材料配合割合から推計
18,18005,2458,洋風料理　スープ類　コーンクリームスープ　コーンクリームスープ,86.0,(0.1),(0.4),(0.6),-,-,-,-,-,原材料配合割合から推計
18,18050,2460,洋風料理　ハンバーグステーキ類　合いびきハンバーグ,62.8,(0.4),(0.7),(1.1),-,-,-,-,-,原材料配合割合から推計
18,18051,2461,洋風料理　ハンバーグステーキ類　チキンハンバーグ,67.0,(0.4),(0.6),(1.0),-,-,-,-,-,原材料配合割合から推計
18,18052,2462,洋風料理　ハンバーグステーキ類　豆腐ハンバーグ,71.2,(0.4),(0.9),(1.3),-,-,-,-,-,原材料配合割合から推計
18,18019,2463,洋風料理　フライ類　いかフライ,54.9,(0.4),(0.5),(0.9),-,-,-,-,-,原材料配合割合から推計
18,18020,2464,洋風料理　フライ類　えびフライ,50.5,(0.4),(0.6),(1.0),-,-,-,-,-,原材料配合割合から推計
18,18055,2464-1,洋風料理　フライ類　かきフライ,46.3,-,-,-,1.0,0.6,0.7,-,2.3,
18,18022,2466,洋風料理　フライ類　メンチカツ,50.3,(0.6),(1.1),(1.7),-,-,-,-,-,原材料配合割合から推計
18,18003,2473,洋風料理　その他　えびグラタン,74.1,(0.2),(0.6),(0.9),-,-,-,-,-,原材料配合割合から推計
18,18014,2474,洋風料理　その他　えびピラフ,62.9,(0.1),(0.5),(0.6),(0.7),(Tr),(0.4),-,(1.2),原材料配合割合から推計
18,18002,2475,中国料理　点心類　ぎょうざ,57.8,(0.5),(0.9),(1.5),-,-,-,-,-,原材料配合割合から推計
18,18012,2476,中国料理　点心類　しゅうまい,60.2,(0.6),(1.1),(1.7),-,-,-,-,-,原材料配合割合から推計
18,18046,2477,中国料理　点心類　中華ちまき,59.5,(Tr),(0.5),(0.5),-,-,-,-,-,原材料配合割合から推計
18,18056,2477-1,中国料理　点心類　春巻き,42.8,-,-,-,1.2,0.6,1.7,-,3.5,
18,18047,2478,中国料理　菜類　酢豚,83.4,(0.2),(0.6),(0.8),-,-,-,-,-,原材料配合割合から推計
18,18057,2478-1,中国料理　菜類　チャーハン,55.1,-,-,-,0.8,0.3,0.7,0.2,1.9,
18,18048,2479,中国料理　菜類　八宝菜,86.0,(0.2),(0.7),(0.9),-,-,-,-,-,原材料配合割合から推計
18,18049,2480,中国料理　菜類　麻婆豆腐,80.0,(0.1),(0.4),(0.5),(0.3),(0.2),(0.3),-,(0.7),原材料配合割合から推計
18,18039,2481,韓国料理　和え物類　もやしのナムル,84.4,(0.5),(2.1),(2.7),-,-,-,-,-,原材料配合割合から推計